Name,Age,Salary,Gender,Department,Position,Joining Date,Performance Score,Email,Phone Number,Postion
 grace ,25.0,50000.0,M,hr,Manager,05/04/2018,D,email@example.com,000-000-0000,manager
 david ,35.0,65000.0,F,finance,Director,01/01/2000,F,user@domain.com,123-456-7890,director
 hannah ,35.0,65000.0,F,sales,Director,01/15/2020,C,email@example.com,098-765-4321,director
 eve ,35.0,50000.0,F,it,Manager,05/04/2018,A,name@company.org, ,manager
 grace ,35.0,65000.0,F,finance,Manager,01/15/2020,F,name@company.org,098-765-4321,manager
 jack ,35.0,65000.0,Other,marketing,Director,01/01/2000,F,user@domain.com,000-000-0000,director
 charlie ,35.0,50000.0,M,marketing,Clerk,01/01/2000,B,noemail.example.com,123-456-7890,clerk
 grace ,40.0,50000.0,Other,hr,Director,01/01/2000,C,noemail.example.com, ,director
 hannah ,40.0,65000.0,F,marketing,Manager,01/15/2020,C,user@domain.com,123-456-7890,manager
 eve ,35.0,65000.0,Other,finance,Assistant,01/01/2000,A,noemail.example.com, ,assistant
 david ,25.0,70000.0,M,marketing,Analyst,01/01/2000,B,noemail.example.com,123-456-7890,analyst
 hannah ,35.0,70000.0,Other,finance,Assistant,01/01/2000,A,noemail.example.com,000-000-0000,assistant
 hannah ,35.0,50000.0,M,it,Assistant,05/04/2018,D,noemail.example.com, ,assistant
 charlie ,25.0,55000.0,Other,hr,Manager,01/01/2000,F,noemail.example.com,555-555-5555,manager
 frank ,50.0,65000.0,M,marketing,Director,01/01/2000,A,noemail.example.com,123-456-7890,director
 eve ,35.0,65000.0,M,finance,Clerk,05/04/2018,F,noemail.example.com,123-456-7890,clerk
 bob ,40.0,55000.0,F,sales,Assistant,01/15/2020,B,noemail.example.com,098-765-4321,assistant
 hannah ,50.0,55000.0,M,hr,Director,05/04/2018,D,user@domain.com, ,director
 frank ,25.0,65000.0,F,it,Clerk,01/01/2000,B,email@example.com,555-555-5555,clerk
 bob ,50.0,50000.0,F,finance,Assistant,01/01/2000,D,user@domain.com,000-000-0000,assistant
 eve ,35.0,50000.0,F,it,Clerk,01/15/2020,D,email@example.com,098-765-4321,clerk
 alice ,25.0,50000.0,Other,it,Director,05/04/2018,F,user@domain.com,555-555-5555,director
 jack ,50.0,50000.0,Other,marketing,Analyst,05/04/2018,B,email@example.com, ,analyst
 frank ,40.0,70000.0,Other,marketing,Director,01/15/2020,B,email@example.com,555-555-5555,director
 ivy ,40.0,50000.0,Other,finance,Manager,05/04/2018,A,name@company.org,123-456-7890,manager
 alice ,35.0,70000.0,M,sales,Clerk,01/15/2020,B,email@example.com,123-456-7890,clerk
 jack ,50.0,70000.0,M,finance,Analyst,01/01/2000,A,email@example.com,098-765-4321,analyst
 charlie ,35.0,50000.0,Other,sales,Clerk,01/01/2000,C,name@company.org, ,clerk
 grace ,50.0,65000.0,M,it,Clerk,01/01/2000,C,noemail.example.com, ,clerk
 david ,25.0,65000.0,M,hr,Assistant,01/01/2000,C,noemail.example.com,555-555-5555,assistant
 ivy ,25.0,55000.0,F,finance,Manager,01/01/2000,B,name@company.org,098-765-4321,manager
 charlie ,50.0,70000.0,F,finance,Clerk,01/01/2000,B,noemail.example.com, ,clerk
 eve ,35.0,65000.0,F,sales,Director,01/15/2020,A,email@example.com,123-456-7890,director
 charlie ,40.0,65000.0,F,it,Director,05/04/2018,D,email@example.com,555-555-5555,director
 grace ,25.0,65000.0,M,it,Assistant,01/01/2000,A,name@company.org,000-000-0000,assistant
 eve ,40.0,65000.0,Other,sales,Manager,01/01/2000,C,name@company.org,123-456-7890,manager
 ivy ,25.0,65000.0,M,it,Manager,01/01/2000,A,noemail.example.com,098-765-4321,manager
 grace ,35.0,65000.0,M,marketing,Director,01/01/2000,D,noemail.example.com, ,director
 bob ,35.0,55000.0,M,hr,Analyst,01/01/2000,B,user@domain.com,123-456-7890,analyst
 david ,25.0,55000.0,F,finance,Assistant,01/01/2000,A,noemail.example.com,000-000-0000,assistant
 ivy ,40.0,70000.0,F,hr,Assistant,05/04/2018,C,email@example.com,000-000-0000,assistant
 bob ,35.0,50000.0,F,finance,Director,01/01/2000,C,name@company.org,098-765-4321,director
 jack ,25.0,65000.0,Other,marketing,Director,01/01/2000,B,noemail.example.com,123-456-7890,director
 ivy ,35.0,70000.0,M,it,Analyst,01/15/2020,A,noemail.example.com,555-555-5555,analyst
 jack ,35.0,65000.0,Other,sales,Analyst,01/01/2000,D,noemail.example.com,123-456-7890,analyst
 eve ,25.0,50000.0,F,marketing,Manager,01/01/2000,B,noemail.example.com,000-000-0000,manager
 bob ,35.0,65000.0,Other,hr,Assistant,01/01/2000,A,email@example.com,098-765-4321,assistant
 david ,35.0,65000.0,M,sales,Assistant,01/01/2000,F,user@domain.com,098-765-4321,assistant
 grace ,50.0,50000.0,M,it,Director,01/01/2000,C,noemail.example.com,555-555-5555,director
 hannah ,35.0,70000.0,F,marketing,Manager,01/01/2000,D,noemail.example.com,098-765-4321,manager
 charlie ,35.0,50000.0,F,sales,Assistant,05/04/2018,D,user@domain.com,098-765-4321,assistant
 alice ,35.0,65000.0,Other,marketing,Manager,01/15/2020,D,noemail.example.com,098-765-4321,manager
 david ,35.0,55000.0,F,marketing,Manager,01/15/2020,C,noemail.example.com,098-765-4321,manager
 bob ,35.0,70000.0,F,it,Director,01/01/2000,A,noemail.example.com,098-765-4321,director
 hannah ,25.0,65000.0,M,finance,Manager,01/01/2000,B,noemail.example.com,000-000-0000,manager
 david ,35.0,65000.0,F,sales,Analyst,01/01/2000,A,user@domain.com,123-456-7890,analyst
 bob ,35.0,70000.0,F,it,Analyst,01/01/2000,B,email@example.com, ,analyst
 frank ,35.0,50000.0,M,marketing,Clerk,05/04/2018,D,noemail.example.com,098-765-4321,clerk
 frank ,35.0,50000.0,M,it,Director,05/04/2018,A,email@example.com, ,director
 jack ,35.0,50000.0,Other,finance,Clerk,05/04/2018,D,user@domain.com, ,clerk
 david ,50.0,50000.0,F,sales,Analyst,05/04/2018,F,user@domain.com,000-000-0000,analyst
 frank ,25.0,65000.0,M,finance,Clerk,01/01/2000,D,noemail.example.com,098-765-4321,clerk
 bob ,35.0,65000.0,Other,hr,Director,01/15/2020,D,noemail.example.com, ,director
 jack ,50.0,65000.0,Other,sales,Director,01/01/2000,B,name@company.org,098-765-4321,director
 bob ,40.0,55000.0,F,finance,Manager,05/04/2018,F,user@domain.com,555-555-5555,manager
 jack ,25.0,65000.0,F,marketing,Assistant,01/01/2000,D,noemail.example.com,555-555-5555,assistant
 david ,25.0,65000.0,Other,sales,Manager,05/04/2018,D,email@example.com,555-555-5555,manager
 hannah ,40.0,65000.0,M,sales,Director,01/01/2000,F,noemail.example.com, ,director
 grace ,35.0,65000.0,Other,it,Analyst,01/15/2020,F,email@example.com,555-555-5555,analyst
 ivy ,50.0,55000.0,F,marketing,Analyst,01/01/2000,A,user@domain.com,000-000-0000,analyst
 hannah ,35.0,55000.0,M,hr,Manager,01/01/2000,B,user@domain.com,000-000-0000,manager
 eve ,35.0,65000.0,M,finance,Director,01/01/2000,F,email@example.com, ,director
 bob ,35.0,50000.0,Other,it,Analyst,01/01/2000,F,user@domain.com,098-765-4321,analyst
 eve ,40.0,65000.0,F,finance,Director,01/01/2000,C,noemail.example.com,123-456-7890,director
 hannah ,25.0,70000.0,Other,hr,Analyst,01/01/2000,F,user@domain.com,098-765-4321,analyst
 jack ,25.0,55000.0,Other,hr,Director,05/04/2018,B,noemail.example.com,098-765-4321,director
 ivy ,35.0,55000.0,Other,sales,Clerk,05/04/2018,D,noemail.example.com,098-765-4321,clerk
 ivy ,25.0,65000.0,M,hr,Director,01/01/2000,D,name@company.org,098-765-4321,director
 alice ,25.0,65000.0,M,finance,Director,05/04/2018,D,user@domain.com,123-456-7890,director
 ivy ,35.0,70000.0,F,marketing,Manager,01/01/2000,D,user@domain.com,555-555-5555,manager
 grace ,50.0,70000.0,F,marketing,Clerk,05/04/2018,C,noemail.example.com,098-765-4321,clerk
 ivy ,50.0,55000.0,Other,sales,Assistant,01/01/2000,F,noemail.example.com,000-000-0000,assistant
 hannah ,35.0,50000.0,Other,finance,Manager,01/01/2000,D,email@example.com, ,manager
 alice ,40.0,65000.0,Other,finance,Assistant,01/01/2000,A,email@example.com, ,assistant
 hannah ,25.0,70000.0,F,hr,Analyst,01/15/2020,D,email@example.com,000-000-0000,analyst
 hannah ,25.0,55000.0,M,finance,Assistant,01/15/2020,F,noemail.example.com,098-765-4321,assistant
 charlie ,40.0,70000.0,M,it,Director,01/15/2020,D,email@example.com,123-456-7890,director
 alice ,50.0,65000.0,Other,hr,Assistant,01/01/2000,C,email@example.com,555-555-5555,assistant
 hannah ,35.0,65000.0,Other,it,Manager,01/01/2000,B,name@company.org, ,manager
 charlie ,35.0,65000.0,Other,sales,Manager,01/01/2000,B,email@example.com,555-555-5555,manager
 charlie ,35.0,65000.0,Other,marketing,Assistant,01/01/2000,F,user@domain.com,123-456-7890,assistant
 alice ,50.0,65000.0,F,sales,Manager,01/01/2000,B,noemail.example.com, ,manager
 eve ,50.0,55000.0,M,marketing,Manager,01/01/2000,B,noemail.example.com,555-555-5555,manager
 jack ,40.0,65000.0,Other,sales,Assistant,01/15/2020,A,name@company.org,123-456-7890,assistant
 grace ,25.0,65000.0,F,finance,Clerk,01/01/2000,F,noemail.example.com,555-555-5555,clerk
 jack ,40.0,65000.0,Other,it,Clerk,01/15/2020,F,noemail.example.com,098-765-4321,clerk
 ivy ,40.0,70000.0,Other,marketing,Analyst,01/01/2000,B,user@domain.com,123-456-7890,analyst
 grace ,50.0,70000.0,M,hr,Manager,01/01/2000,B,email@example.com,555-555-5555,manager
 ivy ,35.0,65000.0,Other,it,Assistant,05/04/2018,B,user@domain.com,098-765-4321,assistant
 hannah ,35.0,70000.0,M,hr,Manager,01/01/2000,C,email@example.com,098-765-4321,manager
 bob ,25.0,65000.0,M,it,Director,01/01/2000,D,email@example.com,123-456-7890,director
 alice ,50.0,50000.0,M,it,Manager,01/01/2000,C,noemail.example.com,000-000-0000,manager
 grace ,35.0,65000.0,F,sales,Manager,01/01/2000,F,email@example.com, ,manager
 grace ,35.0,65000.0,F,marketing,Clerk,01/01/2000,A,name@company.org,123-456-7890,clerk
 hannah ,35.0,65000.0,M,marketing,Assistant,05/04/2018,D,name@company.org,098-765-4321,assistant
 eve ,50.0,65000.0,Other,it,Manager,01/01/2000,A,name@company.org,098-765-4321,manager
 charlie ,35.0,70000.0,M,finance,Clerk,01/01/2000,F,noemail.example.com,123-456-7890,clerk
 hannah ,25.0,70000.0,Other,finance,Analyst,01/15/2020,F,user@domain.com,000-000-0000,analyst
 frank ,35.0,65000.0,M,hr,Clerk,01/01/2000,A,noemail.example.com, ,clerk
 charlie ,50.0,65000.0,Other,hr,Clerk,01/01/2000,A,email@example.com,555-555-5555,clerk
 alice ,50.0,55000.0,F,sales,Clerk,01/15/2020,A,noemail.example.com,123-456-7890,clerk
 charlie ,35.0,65000.0,Other,it,Manager,01/01/2000,F,user@domain.com, ,manager
 eve ,35.0,70000.0,M,hr,Manager,01/01/2000,B,user@domain.com, ,manager
 charlie ,25.0,65000.0,F,hr,Analyst,01/01/2000,A,noemail.example.com,098-765-4321,analyst
 alice ,40.0,70000.0,Other,it,Director,01/01/2000,D,name@company.org,555-555-5555,director
 eve ,35.0,65000.0,Other,sales,Director,01/15/2020,F,name@company.org,123-456-7890,director
 jack ,35.0,65000.0,Other,hr,Director,05/04/2018,C,user@domain.com,098-765-4321,director
 grace ,35.0,65000.0,Other,sales,Analyst,01/01/2000,C,noemail.example.com,098-765-4321,analyst
 grace ,35.0,70000.0,Other,marketing,Director,01/01/2000,D,noemail.example.com,000-000-0000,director
 ivy ,50.0,65000.0,F,sales,Director,05/04/2018,B,email@example.com, ,director
 jack ,35.0,65000.0,F,finance,Clerk,01/15/2020,A,name@company.org,123-456-7890,clerk
 jack ,35.0,55000.0,F,finance,Manager,05/04/2018,F,user@domain.com,123-456-7890,manager
 charlie ,25.0,65000.0,F,sales,Manager,01/15/2020,A,noemail.example.com,123-456-7890,manager
 grace ,35.0,65000.0,M,finance,Clerk,01/01/2000,F,name@company.org,098-765-4321,clerk
 alice ,35.0,55000.0,F,marketing,Clerk,01/15/2020,C,email@example.com,000-000-0000,clerk
 david ,40.0,55000.0,Other,it,Clerk,01/01/2000,A,noemail.example.com,555-555-5555,clerk
 david ,25.0,50000.0,Other,finance,Manager,01/01/2000,D,user@domain.com,098-765-4321,manager
 eve ,25.0,70000.0,F,finance,Director,01/15/2020,B,name@company.org,555-555-5555,director
 grace ,35.0,65000.0,Other,sales,Clerk,01/01/2000,D,noemail.example.com,000-000-0000,clerk
 grace ,35.0,55000.0,F,marketing,Analyst,01/15/2020,B,email@example.com, ,analyst
 david ,40.0,50000.0,Other,it,Clerk,01/01/2000,A,email@example.com,123-456-7890,clerk
 grace ,50.0,65000.0,M,sales,Assistant,01/01/2000,A,name@company.org,555-555-5555,assistant
 charlie ,25.0,65000.0,M,sales,Clerk,01/01/2000,B,noemail.example.com,098-765-4321,clerk
 frank ,40.0,65000.0,F,marketing,Manager,01/01/2000,C,email@example.com,555-555-5555,manager
 bob ,35.0,55000.0,F,it,Clerk,01/01/2000,F,user@domain.com, ,clerk
 jack ,35.0,70000.0,F,marketing,Assistant,01/01/2000,D,email@example.com,123-456-7890,assistant
 ivy ,25.0,50000.0,Other,it,Analyst,01/01/2000,D,noemail.example.com,555-555-5555,analyst
 eve ,35.0,55000.0,F,marketing,Director,01/15/2020,D,noemail.example.com, ,director
 frank ,35.0,70000.0,M,sales,Clerk,01/01/2000,A,noemail.example.com,098-765-4321,clerk
 david ,35.0,55000.0,Other,sales,Assistant,01/01/2000,D,name@company.org,000-000-0000,assistant
 jack ,50.0,65000.0,F,hr,Assistant,01/15/2020,F,noemail.example.com,098-765-4321,assistant
 grace ,50.0,65000.0,Other,finance,Analyst,05/04/2018,F,email@example.com,123-456-7890,analyst
 ivy ,35.0,65000.0,Other,marketing,Manager,01/01/2000,B,email@example.com,098-765-4321,manager
 grace ,35.0,65000.0,F,hr,Clerk,01/01/2000,A,noemail.example.com,098-765-4321,clerk
 alice ,35.0,65000.0,Other,finance,Assistant,01/01/2000,F,noemail.example.com,098-765-4321,assistant
 alice ,40.0,50000.0,M,marketing,Analyst,01/15/2020,C,user@domain.com,098-765-4321,analyst
 ivy ,50.0,65000.0,M,it,Director,05/04/2018,A,noemail.example.com,123-456-7890,director
 ivy ,40.0,70000.0,Other,finance,Assistant,01/15/2020,A,user@domain.com, ,assistant
 david ,50.0,55000.0,F,sales,Analyst,01/01/2000,F,email@example.com,555-555-5555,analyst
 ivy ,35.0,65000.0,Other,hr,Manager,01/15/2020,C,user@domain.com,000-000-0000,manager
 charlie ,35.0,70000.0,M,finance,Manager,05/04/2018,B,user@domain.com,555-555-5555,manager
 grace ,25.0,65000.0,Other,finance,Assistant,01/01/2000,F,name@company.org,555-555-5555,assistant
 frank ,40.0,65000.0,Other,sales,Assistant,01/01/2000,C,noemail.example.com,000-000-0000,assistant
 hannah ,35.0,70000.0,M,marketing,Clerk,01/15/2020,A,user@domain.com,123-456-7890,clerk
 ivy ,40.0,65000.0,Other,it,Analyst,01/01/2000,C,email@example.com,000-000-0000,analyst
 eve ,35.0,65000.0,Other,sales,Assistant,01/01/2000,A,noemail.example.com,123-456-7890,assistant
 alice ,35.0,50000.0,F,it,Clerk,01/01/2000,F,user@domain.com,555-555-5555,clerk
 charlie ,40.0,55000.0,F,marketing,Clerk,01/01/2000,F,noemail.example.com,123-456-7890,clerk
 jack ,35.0,50000.0,M,finance,Assistant,01/15/2020,D,name@company.org, ,assistant
 hannah ,35.0,55000.0,M,it,Manager,01/01/2000,D,email@example.com,000-000-0000,manager
 frank ,35.0,55000.0,M,hr,Analyst,01/15/2020,D,name@company.org, ,analyst
 hannah ,25.0,50000.0,F,hr,Analyst,01/15/2020,F,noemail.example.com,555-555-5555,analyst
 ivy ,40.0,70000.0,M,sales,Manager,01/01/2000,B,user@domain.com,000-000-0000,manager
 david ,35.0,55000.0,M,marketing,Assistant,01/01/2000,F,user@domain.com,555-555-5555,assistant
 alice ,35.0,50000.0,M,sales,Analyst,01/15/2020,C,noemail.example.com, ,analyst
 alice ,35.0,55000.0,F,sales,Assistant,01/01/2000,F,user@domain.com,555-555-5555,assistant
 jack ,35.0,65000.0,Other,sales,Assistant,05/04/2018,F,email@example.com,000-000-0000,assistant
 david ,35.0,70000.0,M,hr,Clerk,01/01/2000,A,noemail.example.com,000-000-0000,clerk
 grace ,35.0,65000.0,Other,hr,Manager,01/01/2000,A,name@company.org,555-555-5555,manager
 bob ,35.0,55000.0,M,sales,Assistant,01/15/2020,A,noemail.example.com,000-000-0000,assistant
 charlie ,40.0,65000.0,Other,hr,Director,01/01/2000,F,user@domain.com,000-000-0000,director
 alice ,40.0,65000.0,F,marketing,Manager,01/01/2000,B,name@company.org,555-555-5555,manager
 eve ,50.0,65000.0,F,sales,Analyst,01/01/2000,C,noemail.example.com, ,analyst
 alice ,50.0,55000.0,M,hr,Clerk,01/01/2000,C,noemail.example.com,000-000-0000,clerk
 hannah ,25.0,50000.0,Other,it,Analyst,01/15/2020,B,name@company.org,000-000-0000,analyst
 alice ,35.0,55000.0,F,sales,Analyst,01/01/2000,B,name@company.org,000-000-0000,analyst
 alice ,40.0,65000.0,M,sales,Manager,01/01/2000,C,name@company.org,000-000-0000,manager
 bob ,35.0,65000.0,M,marketing,Analyst,01/01/2000,D,email@example.com,555-555-5555,analyst
 bob ,35.0,55000.0,F,finance,Assistant,01/15/2020,A,noemail.example.com, ,assistant
 frank ,35.0,50000.0,F,finance,Analyst,05/04/2018,A,name@company.org, ,analyst
 grace ,35.0,55000.0,M,marketing,Clerk,01/01/2000,C,noemail.example.com,123-456-7890,clerk
 eve ,50.0,70000.0,Other,marketing,Clerk,05/04/2018,B,name@company.org,000-000-0000,clerk
 alice ,35.0,50000.0,Other,marketing,Director,05/04/2018,D,noemail.example.com,000-000-0000,director
 alice ,25.0,65000.0,Other,finance,Clerk,01/01/2000,C,noemail.example.com,123-456-7890,clerk
 charlie ,35.0,65000.0,M,marketing,Analyst,01/15/2020,A,noemail.example.com, ,analyst
 bob ,50.0,55000.0,F,hr,Clerk,05/04/2018,F,user@domain.com,098-765-4321,clerk
 eve ,35.0,50000.0,M,sales,Manager,01/15/2020,B,name@company.org,098-765-4321,manager
 jack ,50.0,70000.0,F,sales,Clerk,01/01/2000,F,user@domain.com, ,clerk
 frank ,25.0,50000.0,Other,it,Assistant,01/15/2020,C,noemail.example.com,000-000-0000,assistant
 grace ,35.0,65000.0,Other,it,Manager,01/01/2000,A,user@domain.com,098-765-4321,manager
 david ,35.0,70000.0,F,sales,Director,05/04/2018,D,noemail.example.com,555-555-5555,director
 grace ,25.0,65000.0,F,hr,Assistant,01/15/2020,F,noemail.example.com,555-555-5555,assistant
 hannah ,50.0,65000.0,M,finance,Analyst,01/01/2000,D,noemail.example.com,123-456-7890,analyst
 alice ,25.0,65000.0,Other,finance,Analyst,01/15/2020,A,user@domain.com, ,analyst
 frank ,35.0,55000.0,M,hr,Analyst,05/04/2018,F,name@company.org, ,analyst
 hannah ,40.0,50000.0,M,finance,Assistant,01/01/2000,D,user@domain.com,098-765-4321,assistant
 eve ,25.0,65000.0,M,marketing,Assistant,01/01/2000,D,name@company.org,000-000-0000,assistant
 david ,25.0,70000.0,Other,sales,Assistant,05/04/2018,F,name@company.org, ,assistant
 bob ,50.0,70000.0,M,sales,Manager,01/01/2000,A,noemail.example.com,098-765-4321,manager
 frank ,50.0,50000.0,M,hr,Manager,01/01/2000,D,user@domain.com,098-765-4321,manager
 frank ,35.0,65000.0,M,finance,Analyst,01/01/2000,C,name@company.org, ,analyst
 alice ,50.0,50000.0,M,it,Clerk,01/01/2000,F,noemail.example.com,098-765-4321,clerk
 ivy ,35.0,55000.0,M,it,Analyst,05/04/2018,B,name@company.org,123-456-7890,analyst
 frank ,35.0,65000.0,M,finance,Director,01/01/2000,B,noemail.example.com,123-456-7890,director
 charlie ,35.0,70000.0,Other,it,Manager,01/01/2000,A,user@domain.com, ,manager
 david ,40.0,55000.0,M,hr,Assistant,01/01/2000,C,user@domain.com,000-000-0000,assistant
 david ,40.0,65000.0,F,hr,Manager,01/01/2000,D,user@domain.com,123-456-7890,manager
 charlie ,35.0,55000.0,M,finance,Assistant,01/15/2020,B,name@company.org,123-456-7890,assistant
 jack ,40.0,65000.0,M,it,Director,01/01/2000,A,email@example.com, ,director
 charlie ,35.0,70000.0,Other,hr,Director,01/15/2020,C,name@company.org,555-555-5555,director
 charlie ,50.0,50000.0,Other,hr,Manager,01/01/2000,C,name@company.org,098-765-4321,manager
 david ,35.0,50000.0,F,marketing,Assistant,01/01/2000,A,noemail.example.com,123-456-7890,assistant
 grace ,40.0,65000.0,F,marketing,Director,01/01/2000,A,noemail.example.com,555-555-5555,director
 david ,35.0,65000.0,Other,hr,Analyst,01/01/2000,D,name@company.org,000-000-0000,analyst
 ivy ,35.0,65000.0,Other,finance,Analyst,01/01/2000,A,noemail.example.com,555-555-5555,analyst
 alice ,25.0,65000.0,M,sales,Assistant,01/01/2000,D,noemail.example.com, ,assistant
 hannah ,50.0,65000.0,Other,sales,Manager,01/01/2000,D,name@company.org,000-000-0000,manager
 grace ,35.0,55000.0,F,hr,Director,05/04/2018,F,email@example.com,000-000-0000,director
 bob ,25.0,65000.0,M,hr,Manager,01/01/2000,C,noemail.example.com,555-555-5555,manager
 hannah ,40.0,55000.0,F,hr,Analyst,05/04/2018,C,user@domain.com, ,analyst
 alice ,25.0,70000.0,M,finance,Director,01/01/2000,C,name@company.org,123-456-7890,director
 ivy ,50.0,65000.0,Other,marketing,Manager,01/01/2000,F,name@company.org,555-555-5555,manager
 ivy ,35.0,65000.0,F,hr,Clerk,05/04/2018,D,noemail.example.com,123-456-7890,clerk
 bob ,35.0,70000.0,M,hr,Assistant,01/15/2020,D,noemail.example.com,555-555-5555,assistant
 grace ,40.0,50000.0,M,it,Assistant,05/04/2018,A,noemail.example.com,123-456-7890,assistant
 jack ,35.0,65000.0,Other,finance,Clerk,01/01/2000,F,noemail.example.com,555-555-5555,clerk
 charlie ,50.0,65000.0,Other,hr,Analyst,05/04/2018,A,user@domain.com,000-000-0000,analyst
 grace ,40.0,50000.0,Other,it,Director,01/01/2000,F,noemail.example.com,098-765-4321,director
 jack ,35.0,50000.0,F,sales,Assistant,01/01/2000,A,noemail.example.com,000-000-0000,assistant
 ivy ,25.0,65000.0,M,hr,Clerk,01/01/2000,B,noemail.example.com,123-456-7890,clerk
 david ,50.0,65000.0,Other,hr,Clerk,01/01/2000,C,noemail.example.com, ,clerk
 alice ,35.0,50000.0,F,it,Analyst,01/01/2000,C,email@example.com,000-000-0000,analyst
 bob ,35.0,65000.0,F,finance,Analyst,01/15/2020,D,email@example.com,098-765-4321,analyst
 alice ,35.0,70000.0,F,hr,Manager,01/01/2000,B,name@company.org,123-456-7890,manager
 eve ,40.0,50000.0,Other,sales,Assistant,05/04/2018,C,name@company.org,000-000-0000,assistant
 eve ,25.0,65000.0,Other,hr,Manager,05/04/2018,D,noemail.example.com,555-555-5555,manager
 grace ,40.0,55000.0,M,sales,Clerk,01/15/2020,B,noemail.example.com, ,clerk
 ivy ,35.0,65000.0,M,marketing,Director,01/01/2000,C,user@domain.com,123-456-7890,director
 ivy ,40.0,70000.0,Other,marketing,Director,01/01/2000,A,user@domain.com,000-000-0000,director
 charlie ,25.0,65000.0,F,sales,Analyst,01/15/2020,F,email@example.com,123-456-7890,analyst
 charlie ,35.0,65000.0,F,finance,Director,01/01/2000,B,name@company.org,555-555-5555,director
 charlie ,40.0,70000.0,F,hr,Director,01/01/2000,D,email@example.com,098-765-4321,director
 david ,35.0,65000.0,M,hr,Director,05/04/2018,B,email@example.com,000-000-0000,director
 hannah ,50.0,55000.0,F,marketing,Clerk,01/01/2000,D,name@company.org,123-456-7890,clerk
 frank ,35.0,65000.0,M,sales,Director,01/01/2000,B,user@domain.com,123-456-7890,director
 hannah ,50.0,65000.0,M,hr,Director,01/01/2000,D,name@company.org,123-456-7890,director
 alice ,35.0,65000.0,F,hr,Director,01/01/2000,C,noemail.example.com,098-765-4321,director
 hannah ,35.0,70000.0,F,finance,Manager,01/01/2000,A,noemail.example.com,123-456-7890,manager
 david ,50.0,55000.0,Other,it,Clerk,01/01/2000,C,noemail.example.com, ,clerk
 alice ,35.0,65000.0,Other,marketing,Analyst,05/04/2018,A,noemail.example.com, ,analyst
 hannah ,25.0,65000.0,F,marketing,Manager,01/01/2000,C,user@domain.com,123-456-7890,manager
 david ,35.0,65000.0,M,it,Assistant,01/01/2000,C,user@domain.com, ,assistant
 frank ,40.0,55000.0,M,hr,Clerk,01/01/2000,B,noemail.example.com,000-000-0000,clerk
 hannah ,35.0,65000.0,M,finance,Clerk,05/04/2018,F,email@example.com, ,clerk
 david ,35.0,55000.0,M,finance,Assistant,01/01/2000,D,noemail.example.com,123-456-7890,assistant
 charlie ,35.0,65000.0,M,marketing,Assistant,01/15/2020,D,noemail.example.com,555-555-5555,assistant
 ivy ,40.0,50000.0,Other,finance,Assistant,05/04/2018,D,email@example.com,000-000-0000,assistant
 charlie ,40.0,65000.0,F,it,Analyst,01/15/2020,A,name@company.org,098-765-4321,analyst
 ivy ,35.0,55000.0,Other,hr,Director,05/04/2018,D,name@company.org,123-456-7890,director
 bob ,35.0,65000.0,M,it,Clerk,01/01/2000,D,user@domain.com,098-765-4321,clerk
 bob ,35.0,65000.0,M,sales,Director,01/15/2020,B,noemail.example.com,555-555-5555,director
 bob ,25.0,65000.0,M,marketing,Director,01/01/2000,C,user@domain.com,098-765-4321,director
 frank ,35.0,65000.0,M,finance,Assistant,05/04/2018,D,name@company.org,123-456-7890,assistant
 charlie ,35.0,55000.0,F,sales,Analyst,01/01/2000,F,email@example.com,123-456-7890,analyst
 ivy ,50.0,65000.0,M,finance,Manager,01/15/2020,D,user@domain.com,555-555-5555,manager
 david ,35.0,70000.0,F,hr,Analyst,01/15/2020,A,noemail.example.com,123-456-7890,analyst
 alice ,50.0,70000.0,M,hr,Director,01/01/2000,A,noemail.example.com,555-555-5555,director
 david ,50.0,70000.0,F,hr,Analyst,01/01/2000,A,email@example.com,555-555-5555,analyst
 alice ,40.0,50000.0,Other,finance,Assistant,05/04/2018,D,name@company.org,123-456-7890,assistant
 eve ,25.0,55000.0,M,sales,Manager,05/04/2018,B,noemail.example.com, ,manager
 david ,35.0,65000.0,F,hr,Assistant,01/01/2000,F,noemail.example.com,555-555-5555,assistant
 hannah ,35.0,65000.0,Other,sales,Manager,01/01/2000,D,noemail.example.com,123-456-7890,manager
 hannah ,35.0,50000.0,M,finance,Director,01/15/2020,B,user@domain.com, ,director
 grace ,35.0,65000.0,M,sales,Manager,01/01/2000,B,name@company.org,555-555-5555,manager
 charlie ,35.0,50000.0,M,finance,Manager,01/01/2000,D,user@domain.com, ,manager
 alice ,35.0,65000.0,F,finance,Manager,01/01/2000,D,name@company.org,000-000-0000,manager
 alice ,35.0,65000.0,F,marketing,Analyst,01/01/2000,B,noemail.example.com,000-000-0000,analyst
 charlie ,25.0,65000.0,Other,finance,Analyst,01/01/2000,B,noemail.example.com, ,analyst
 frank ,50.0,65000.0,F,finance,Director,05/04/2018,B,user@domain.com,555-555-5555,director
 grace ,35.0,70000.0,F,it,Manager,01/15/2020,D,noemail.example.com,123-456-7890,manager
 frank ,40.0,65000.0,M,hr,Clerk,01/01/2000,B,name@company.org,098-765-4321,clerk
 frank ,35.0,65000.0,M,marketing,Director,01/01/2000,A,user@domain.com,123-456-7890,director
 frank ,35.0,65000.0,M,marketing,Manager,01/15/2020,D,user@domain.com,098-765-4321,manager
 charlie ,25.0,70000.0,M,marketing,Manager,01/15/2020,A,noemail.example.com,098-765-4321,manager
 frank ,35.0,65000.0,M,it,Analyst,01/01/2000,C,user@domain.com,555-555-5555,analyst
 hannah ,35.0,65000.0,M,finance,Director,01/01/2000,D,noemail.example.com, ,director
 bob ,40.0,50000.0,M,hr,Manager,01/01/2000,C,noemail.example.com,123-456-7890,manager
 eve ,25.0,50000.0,Other,sales,Manager,01/01/2000,B,noemail.example.com, ,manager
 alice ,25.0,65000.0,Other,finance,Director,05/04/2018,B,name@company.org,000-000-0000,director
 alice ,25.0,70000.0,Other,it,Clerk,01/01/2000,F,noemail.example.com,555-555-5555,clerk
 eve ,25.0,65000.0,Other,finance,Director,01/01/2000,B,noemail.example.com,555-555-5555,director
 charlie ,25.0,65000.0,M,finance,Director,01/01/2000,C,email@example.com,000-000-0000,director
 david ,40.0,65000.0,Other,it,Clerk,01/01/2000,B,email@example.com,123-456-7890,clerk
 charlie ,35.0,55000.0,M,marketing,Director,01/01/2000,D,user@domain.com,000-000-0000,director
 alice ,35.0,50000.0,Other,marketing,Manager,01/01/2000,B,user@domain.com,123-456-7890,manager
 alice ,25.0,70000.0,F,hr,Director,01/01/2000,F,email@example.com,098-765-4321,director
 eve ,35.0,65000.0,Other,hr,Clerk,01/01/2000,B,noemail.example.com,555-555-5555,clerk
 frank ,35.0,65000.0,Other,marketing,Assistant,05/04/2018,C,user@domain.com,123-456-7890,assistant
 charlie ,35.0,65000.0,M,sales,Director,01/01/2000,C,noemail.example.com, ,director
 ivy ,40.0,55000.0,Other,finance,Analyst,01/15/2020,B,noemail.example.com, ,analyst
 eve ,35.0,70000.0,F,sales,Manager,01/01/2000,C,noemail.example.com,555-555-5555,manager
 hannah ,35.0,65000.0,M,finance,Manager,01/15/2020,C,user@domain.com,000-000-0000,manager
 alice ,35.0,65000.0,M,marketing,Analyst,01/01/2000,F,noemail.example.com,000-000-0000,analyst
 eve ,50.0,50000.0,Other,hr,Analyst,05/04/2018,D,user@domain.com,123-456-7890,analyst
 charlie ,50.0,55000.0,M,hr,Director,01/01/2000,F,user@domain.com,000-000-0000,director
 alice ,35.0,70000.0,M,sales,Analyst,01/01/2000,A,noemail.example.com,555-555-5555,analyst
 david ,35.0,55000.0,M,hr,Assistant,01/01/2000,F,email@example.com,123-456-7890,assistant
 eve ,35.0,50000.0,M,marketing,Clerk,01/01/2000,B,noemail.example.com,098-765-4321,clerk
 grace ,40.0,70000.0,M,sales,Analyst,01/01/2000,D,noemail.example.com,000-000-0000,analyst
 alice ,35.0,55000.0,M,finance,Analyst,01/15/2020,B,name@company.org,000-000-0000,analyst
 charlie ,35.0,65000.0,F,hr,Assistant,01/01/2000,A,noemail.example.com,123-456-7890,assistant
 bob ,35.0,50000.0,Other,it,Manager,05/04/2018,D,user@domain.com, ,manager
 ivy ,25.0,50000.0,F,hr,Manager,01/15/2020,C,user@domain.com,000-000-0000,manager
 jack ,40.0,50000.0,M,finance,Director,01/01/2000,F,noemail.example.com,555-555-5555,director
 frank ,25.0,65000.0,M,sales,Assistant,01/01/2000,B,name@company.org,000-000-0000,assistant
 jack ,35.0,65000.0,Other,finance,Clerk,01/01/2000,A,noemail.example.com,098-765-4321,clerk
 charlie ,25.0,65000.0,F,it,Clerk,01/01/2000,C,name@company.org,000-000-0000,clerk
 hannah ,25.0,65000.0,Other,marketing,Assistant,01/15/2020,F,name@company.org, ,assistant
 hannah ,35.0,55000.0,F,hr,Clerk,01/01/2000,C,noemail.example.com,000-000-0000,clerk
 bob ,50.0,65000.0,M,sales,Manager,05/04/2018,F,user@domain.com,123-456-7890,manager
 frank ,35.0,55000.0,Other,marketing,Clerk,01/01/2000,D,user@domain.com,000-000-0000,clerk
 grace ,40.0,65000.0,Other,finance,Clerk,01/15/2020,C,name@company.org, ,clerk
 bob ,25.0,65000.0,M,sales,Assistant,01/01/2000,C,user@domain.com,123-456-7890,assistant
 jack ,40.0,65000.0,Other,marketing,Assistant,01/15/2020,C,email@example.com,555-555-5555,assistant
 bob ,50.0,65000.0,F,sales,Clerk,01/01/2000,D,name@company.org,123-456-7890,clerk
 jack ,50.0,65000.0,F,it,Analyst,01/01/2000,A,user@domain.com,098-765-4321,analyst
 alice ,25.0,65000.0,F,it,Assistant,01/01/2000,F,email@example.com,123-456-7890,assistant
 hannah ,35.0,70000.0,F,hr,Director,05/04/2018,C,noemail.example.com,555-555-5555,director
 alice ,25.0,65000.0,M,hr,Director,01/01/2000,D,user@domain.com,000-000-0000,director
 ivy ,35.0,55000.0,Other,it,Manager,05/04/2018,A,email@example.com,123-456-7890,manager
 frank ,35.0,65000.0,F,sales,Clerk,01/01/2000,F,noemail.example.com,123-456-7890,clerk
 grace ,35.0,50000.0,M,it,Analyst,01/01/2000,D,noemail.example.com,123-456-7890,analyst
 jack ,25.0,55000.0,Other,hr,Manager,01/15/2020,F,email@example.com,123-456-7890,manager
 grace ,40.0,65000.0,Other,it,Clerk,05/04/2018,C,name@company.org,555-555-5555,clerk
 jack ,35.0,55000.0,M,it,Assistant,05/04/2018,A,name@company.org, ,assistant
 charlie ,35.0,70000.0,M,sales,Director,01/01/2000,D,user@domain.com, ,director
 bob ,25.0,65000.0,F,marketing,Analyst,01/01/2000,A,noemail.example.com,123-456-7890,analyst
 ivy ,35.0,65000.0,Other,hr,Director,01/01/2000,C,name@company.org,555-555-5555,director
 hannah ,40.0,55000.0,Other,sales,Assistant,01/01/2000,A,name@company.org,555-555-5555,assistant
 jack ,50.0,65000.0,M,it,Clerk,01/01/2000,A,noemail.example.com,123-456-7890,clerk
 grace ,35.0,65000.0,Other,it,Assistant,05/04/2018,B,noemail.example.com,098-765-4321,assistant
 ivy ,50.0,65000.0,F,marketing,Assistant,01/01/2000,A,name@company.org,123-456-7890,assistant
 david ,40.0,65000.0,Other,hr,Director,01/01/2000,F,email@example.com,098-765-4321,director
 david ,25.0,65000.0,M,hr,Analyst,01/15/2020,D,user@domain.com,123-456-7890,analyst
 alice ,35.0,65000.0,M,finance,Assistant,01/01/2000,B,name@company.org,098-765-4321,assistant
 hannah ,35.0,50000.0,F,hr,Director,01/01/2000,D,name@company.org,098-765-4321,director
 charlie ,35.0,70000.0,F,marketing,Analyst,05/04/2018,D,noemail.example.com,123-456-7890,analyst
 grace ,40.0,65000.0,Other,finance,Clerk,01/15/2020,C,email@example.com,098-765-4321,clerk
 bob ,35.0,55000.0,Other,finance,Clerk,01/01/2000,C,user@domain.com,000-000-0000,clerk
 bob ,50.0,65000.0,M,it,Manager,01/15/2020,B,name@company.org, ,manager
 grace ,35.0,55000.0,F,it,Director,01/01/2000,C,user@domain.com,555-555-5555,director
 frank ,35.0,65000.0,F,hr,Analyst,05/04/2018,C,noemail.example.com,098-765-4321,analyst
 charlie ,35.0,55000.0,F,finance,Assistant,01/15/2020,C,name@company.org,098-765-4321,assistant
 ivy ,35.0,65000.0,Other,it,Clerk,01/01/2000,D,name@company.org,555-555-5555,clerk
 jack ,35.0,65000.0,F,marketing,Analyst,01/01/2000,B,noemail.example.com,098-765-4321,analyst
 frank ,25.0,55000.0,M,it,Director,01/01/2000,D,noemail.example.com,555-555-5555,director
 jack ,50.0,55000.0,M,it,Manager,01/01/2000,F,name@company.org,123-456-7890,manager
 jack ,35.0,50000.0,Other,finance,Clerk,01/01/2000,D,user@domain.com,000-000-0000,clerk
 frank ,35.0,55000.0,Other,finance,Analyst,01/15/2020,F,email@example.com,000-000-0000,analyst
 alice ,35.0,50000.0,F,sales,Analyst,01/01/2000,A,user@domain.com, ,analyst
 david ,40.0,70000.0,Other,marketing,Analyst,01/01/2000,A,noemail.example.com,098-765-4321,analyst
 jack ,35.0,65000.0,M,finance,Director,01/15/2020,F,email@example.com, ,director
 frank ,35.0,50000.0,F,hr,Director,01/01/2000,F,user@domain.com,123-456-7890,director
 frank ,40.0,65000.0,M,marketing,Director,01/15/2020,D,user@domain.com,000-000-0000,director
 eve ,35.0,65000.0,F,marketing,Assistant,01/01/2000,F,noemail.example.com,123-456-7890,assistant
 alice ,35.0,50000.0,Other,finance,Analyst,05/04/2018,B,noemail.example.com,123-456-7890,analyst
 hannah ,35.0,65000.0,F,marketing,Clerk,01/01/2000,A,noemail.example.com,098-765-4321,clerk
 eve ,25.0,65000.0,F,finance,Director,01/01/2000,A,email@example.com,123-456-7890,director
 eve ,35.0,65000.0,M,it,Director,01/01/2000,F,noemail.example.com,000-000-0000,director
 grace ,40.0,70000.0,M,sales,Analyst,01/01/2000,C,noemail.example.com, ,analyst
 david ,50.0,65000.0,F,it,Director,01/01/2000,C,name@company.org,000-000-0000,director
 frank ,25.0,65000.0,Other,finance,Assistant,01/01/2000,F,name@company.org,098-765-4321,assistant
 david ,40.0,65000.0,Other,finance,Assistant,01/01/2000,B,email@example.com,000-000-0000,assistant
 charlie ,35.0,50000.0,M,it,Director,01/15/2020,C,name@company.org,555-555-5555,director
 grace ,25.0,65000.0,Other,hr,Analyst,01/01/2000,F,noemail.example.com, ,analyst
 hannah ,40.0,50000.0,M,hr,Analyst,01/15/2020,B,email@example.com,555-555-5555,analyst
 david ,35.0,70000.0,Other,hr,Analyst,01/01/2000,B,noemail.example.com,555-555-5555,analyst
 bob ,35.0,70000.0,F,finance,Manager,01/01/2000,D,email@example.com,098-765-4321,manager
 jack ,50.0,55000.0,M,marketing,Director,05/04/2018,B,email@example.com,123-456-7890,director
 charlie ,35.0,70000.0,M,finance,Analyst,01/01/2000,C,user@domain.com,555-555-5555,analyst
 alice ,35.0,55000.0,F,marketing,Assistant,01/01/2000,C,user@domain.com,000-000-0000,assistant
 hannah ,35.0,65000.0,M,it,Clerk,01/15/2020,F,email@example.com,123-456-7890,clerk
 charlie ,35.0,50000.0,Other,sales,Clerk,01/15/2020,F,name@company.org,000-000-0000,clerk
 jack ,50.0,65000.0,Other,marketing,Analyst,01/01/2000,B,user@domain.com,000-000-0000,analyst
 grace ,35.0,70000.0,M,hr,Clerk,01/01/2000,A,noemail.example.com,123-456-7890,clerk
 jack ,40.0,65000.0,Other,finance,Clerk,05/04/2018,D,noemail.example.com,123-456-7890,clerk
 eve ,40.0,65000.0,M,it,Manager,01/01/2000,A,user@domain.com,000-000-0000,manager
 jack ,35.0,65000.0,F,hr,Assistant,01/15/2020,B,email@example.com,098-765-4321,assistant
 eve ,35.0,70000.0,M,it,Assistant,01/01/2000,B,name@company.org, ,assistant
 grace ,35.0,65000.0,F,sales,Manager,01/15/2020,A,noemail.example.com, ,manager
 ivy ,50.0,65000.0,Other,finance,Manager,01/01/2000,D,user@domain.com,098-765-4321,manager
 eve ,35.0,55000.0,F,finance,Clerk,01/01/2000,A,name@company.org,123-456-7890,clerk
 alice ,40.0,70000.0,Other,sales,Director,01/15/2020,F,name@company.org,000-000-0000,director
 jack ,50.0,65000.0,M,finance,Clerk,01/01/2000,C,name@company.org, ,clerk
 jack ,25.0,65000.0,Other,marketing,Manager,01/15/2020,F,email@example.com,000-000-0000,manager
 alice ,40.0,70000.0,M,it,Assistant,01/01/2000,C,noemail.example.com,098-765-4321,assistant
 bob ,50.0,65000.0,M,hr,Clerk,05/04/2018,B,name@company.org,000-000-0000,clerk
 frank ,40.0,65000.0,F,sales,Director,01/01/2000,D,noemail.example.com,098-765-4321,director
 ivy ,35.0,55000.0,F,marketing,Clerk,01/01/2000,A,user@domain.com,123-456-7890,clerk
 hannah ,25.0,65000.0,F,hr,Analyst,01/01/2000,D,noemail.example.com,098-765-4321,analyst
 eve ,35.0,65000.0,F,hr,Clerk,01/15/2020,A,email@example.com,098-765-4321,clerk
 alice ,25.0,65000.0,Other,sales,Manager,01/01/2000,F,email@example.com, ,manager
 grace ,35.0,70000.0,Other,marketing,Assistant,01/15/2020,F,noemail.example.com,000-000-0000,assistant
 eve ,50.0,65000.0,Other,hr,Assistant,01/15/2020,A,noemail.example.com, ,assistant
 frank ,25.0,55000.0,M,hr,Manager,01/15/2020,D,email@example.com,555-555-5555,manager
 grace ,35.0,55000.0,Other,marketing,Analyst,05/04/2018,A,email@example.com,098-765-4321,analyst
 charlie ,40.0,50000.0,Other,finance,Manager,05/04/2018,B,noemail.example.com,555-555-5555,manager
 jack ,25.0,55000.0,Other,hr,Clerk,01/01/2000,F,email@example.com, ,clerk
 charlie ,50.0,65000.0,F,it,Manager,01/01/2000,B,noemail.example.com,000-000-0000,manager
 eve ,25.0,65000.0,Other,marketing,Manager,01/01/2000,F,noemail.example.com, ,manager
 frank ,35.0,55000.0,M,hr,Analyst,01/01/2000,F,noemail.example.com,000-000-0000,analyst
 ivy ,40.0,70000.0,F,sales,Clerk,01/01/2000,C,user@domain.com,000-000-0000,clerk
 eve ,50.0,50000.0,M,it,Director,01/15/2020,B,noemail.example.com,123-456-7890,director
 alice ,50.0,65000.0,Other,hr,Director,05/04/2018,B,noemail.example.com,098-765-4321,director
 david ,35.0,50000.0,F,it,Assistant,01/01/2000,C,user@domain.com, ,assistant
 eve ,35.0,65000.0,M,it,Manager,01/15/2020,D,name@company.org,000-000-0000,manager
 jack ,35.0,70000.0,Other,finance,Assistant,05/04/2018,B,email@example.com, ,assistant
 jack ,50.0,50000.0,M,it,Analyst,05/04/2018,A,noemail.example.com, ,analyst
 eve ,40.0,65000.0,M,finance,Director,01/01/2000,C,email@example.com,000-000-0000,director
 grace ,25.0,65000.0,M,marketing,Manager,01/01/2000,B,noemail.example.com,555-555-5555,manager
 david ,25.0,65000.0,Other,finance,Analyst,01/01/2000,D,email@example.com,098-765-4321,analyst
 alice ,40.0,65000.0,Other,sales,Analyst,01/15/2020,B,user@domain.com,098-765-4321,analyst
 eve ,50.0,65000.0,M,hr,Manager,01/01/2000,F,email@example.com,123-456-7890,manager
 grace ,25.0,50000.0,F,marketing,Analyst,01/01/2000,A,email@example.com,123-456-7890,analyst
 jack ,25.0,65000.0,F,marketing,Manager,01/01/2000,C,email@example.com,123-456-7890,manager
 jack ,25.0,65000.0,Other,sales,Manager,01/15/2020,F,name@company.org,098-765-4321,manager
 frank ,35.0,50000.0,Other,finance,Clerk,01/01/2000,D,name@company.org,555-555-5555,clerk
 eve ,35.0,70000.0,Other,hr,Assistant,01/01/2000,F,noemail.example.com,098-765-4321,assistant
 david ,35.0,65000.0,Other,finance,Analyst,01/01/2000,F,user@domain.com,098-765-4321,analyst
 bob ,35.0,65000.0,Other,it,Analyst,01/01/2000,D,email@example.com,098-765-4321,analyst
 david ,40.0,70000.0,F,finance,Clerk,01/15/2020,F,email@example.com,098-765-4321,clerk
 jack ,40.0,65000.0,Other,marketing,Clerk,01/01/2000,C,email@example.com,555-555-5555,clerk
 jack ,40.0,65000.0,M,hr,Clerk,01/01/2000,B,email@example.com,123-456-7890,clerk
 charlie ,35.0,65000.0,M,finance,Director,01/01/2000,F,name@company.org, ,director
 jack ,35.0,65000.0,F,hr,Director,01/01/2000,C,noemail.example.com,123-456-7890,director
 alice ,50.0,55000.0,M,hr,Director,01/01/2000,B,noemail.example.com,123-456-7890,director
 hannah ,50.0,70000.0,F,it,Manager,05/04/2018,B,user@domain.com, ,manager
 eve ,35.0,65000.0,F,it,Analyst,01/01/2000,F,email@example.com,098-765-4321,analyst
 david ,50.0,65000.0,M,marketing,Assistant,01/01/2000,C,noemail.example.com,555-555-5555,assistant
 hannah ,40.0,70000.0,Other,sales,Manager,01/01/2000,F,noemail.example.com,555-555-5555,manager
 grace ,35.0,65000.0,M,hr,Analyst,01/01/2000,D,noemail.example.com,123-456-7890,analyst
 bob ,25.0,65000.0,M,sales,Analyst,01/15/2020,B,name@company.org, ,analyst
 alice ,35.0,65000.0,F,marketing,Clerk,05/04/2018,F,noemail.example.com,000-000-0000,clerk
 david ,35.0,65000.0,M,hr,Clerk,01/15/2020,B,noemail.example.com,098-765-4321,clerk
 hannah ,35.0,65000.0,F,hr,Manager,05/04/2018,C,name@company.org,123-456-7890,manager
 bob ,35.0,70000.0,Other,sales,Clerk,01/01/2000,A,noemail.example.com,555-555-5555,clerk
 charlie ,40.0,70000.0,Other,finance,Analyst,01/01/2000,F,noemail.example.com, ,analyst
 alice ,50.0,65000.0,Other,it,Clerk,01/01/2000,F,noemail.example.com, ,clerk
 alice ,40.0,70000.0,M,finance,Director,01/01/2000,B,name@company.org,123-456-7890,director
 charlie ,35.0,65000.0,F,sales,Clerk,01/01/2000,C,email@example.com,000-000-0000,clerk
 eve ,40.0,55000.0,Other,it,Analyst,01/15/2020,D,user@domain.com,555-555-5555,analyst
 charlie ,50.0,65000.0,F,finance,Manager,01/01/2000,C,noemail.example.com,123-456-7890,manager
 alice ,35.0,65000.0,F,it,Assistant,05/04/2018,F,name@company.org,000-000-0000,assistant
 alice ,35.0,70000.0,Other,hr,Clerk,01/01/2000,D,noemail.example.com, ,clerk
 hannah ,35.0,65000.0,Other,finance,Analyst,01/01/2000,C,name@company.org,098-765-4321,analyst
 jack ,25.0,65000.0,F,it,Assistant,01/01/2000,A,user@domain.com,555-555-5555,assistant
 bob ,35.0,70000.0,Other,it,Assistant,05/04/2018,B,user@domain.com,555-555-5555,assistant
 charlie ,25.0,55000.0,F,it,Director,01/01/2000,C,email@example.com,000-000-0000,director
 bob ,25.0,55000.0,F,finance,Assistant,01/15/2020,C,email@example.com,123-456-7890,assistant
 charlie ,35.0,70000.0,Other,marketing,Analyst,01/15/2020,A,user@domain.com, ,analyst
 grace ,35.0,50000.0,M,finance,Analyst,01/15/2020,F,noemail.example.com,000-000-0000,analyst
 alice ,50.0,70000.0,Other,sales,Clerk,01/01/2000,B,noemail.example.com,098-765-4321,clerk
 jack ,40.0,70000.0,M,finance,Clerk,01/15/2020,C,noemail.example.com,098-765-4321,clerk
 hannah ,40.0,55000.0,F,it,Clerk,05/04/2018,D,email@example.com,098-765-4321,clerk
 jack ,50.0,55000.0,F,hr,Assistant,01/01/2000,C,noemail.example.com,000-000-0000,assistant
 jack ,25.0,70000.0,M,finance,Assistant,01/01/2000,B,email@example.com, ,assistant
 jack ,25.0,70000.0,F,finance,Director,01/01/2000,C,user@domain.com,555-555-5555,director
 bob ,35.0,70000.0,M,it,Clerk,05/04/2018,A,noemail.example.com,123-456-7890,clerk
 charlie ,35.0,55000.0,M,hr,Manager,01/01/2000,C,noemail.example.com,555-555-5555,manager
 ivy ,35.0,70000.0,F,hr,Director,01/01/2000,C,user@domain.com, ,director
 grace ,25.0,70000.0,M,sales,Manager,01/15/2020,D,noemail.example.com,555-555-5555,manager
 david ,40.0,65000.0,Other,finance,Assistant,01/01/2000,A,noemail.example.com,000-000-0000,assistant
 jack ,35.0,50000.0,Other,hr,Director,01/01/2000,A,name@company.org,098-765-4321,director
 eve ,35.0,65000.0,F,hr,Director,01/15/2020,C,email@example.com, ,director
 bob ,35.0,50000.0,F,marketing,Analyst,01/01/2000,D,noemail.example.com, ,analyst
 hannah ,35.0,65000.0,M,marketing,Assistant,01/01/2000,C,user@domain.com,555-555-5555,assistant
 david ,35.0,65000.0,M,hr,Assistant,01/15/2020,C,noemail.example.com,000-000-0000,assistant
 ivy ,50.0,70000.0,M,sales,Director,01/15/2020,B,noemail.example.com,555-555-5555,director
 eve ,25.0,65000.0,M,hr,Assistant,01/01/2000,B,email@example.com,555-555-5555,assistant
 ivy ,35.0,70000.0,Other,it,Director,01/01/2000,D,name@company.org, ,director
 david ,35.0,55000.0,Other,finance,Analyst,01/15/2020,F,email@example.com,555-555-5555,analyst
 jack ,50.0,65000.0,F,sales,Director,05/04/2018,B,noemail.example.com,098-765-4321,director
 eve ,40.0,65000.0,M,it,Assistant,01/01/2000,F,noemail.example.com,555-555-5555,assistant
 ivy ,40.0,55000.0,M,sales,Assistant,01/01/2000,A,noemail.example.com,098-765-4321,assistant
 hannah ,25.0,65000.0,F,it,Director,01/01/2000,B,noemail.example.com, ,director
 charlie ,25.0,65000.0,M,finance,Director,01/01/2000,B,user@domain.com,000-000-0000,director
 alice ,35.0,55000.0,M,finance,Director,01/15/2020,D,name@company.org,098-765-4321,director
 charlie ,50.0,65000.0,M,marketing,Clerk,05/04/2018,F,noemail.example.com,000-000-0000,clerk
 david ,40.0,50000.0,M,it,Assistant,01/01/2000,B,noemail.example.com,000-000-0000,assistant
 bob ,35.0,70000.0,M,marketing,Assistant,01/01/2000,B,noemail.example.com,098-765-4321,assistant
 alice ,35.0,65000.0,F,it,Clerk,01/01/2000,D,name@company.org, ,clerk
 grace ,25.0,70000.0,M,marketing,Director,01/15/2020,D,email@example.com,123-456-7890,director
 hannah ,35.0,65000.0,F,finance,Analyst,01/01/2000,F,name@company.org,000-000-0000,analyst
 grace ,35.0,55000.0,M,sales,Director,01/15/2020,A,name@company.org,000-000-0000,director
 eve ,35.0,70000.0,Other,marketing,Director,01/01/2000,A,name@company.org, ,director
 alice ,40.0,55000.0,Other,it,Clerk,01/01/2000,C,noemail.example.com, ,clerk
 grace ,25.0,70000.0,Other,it,Assistant,01/01/2000,B,noemail.example.com,555-555-5555,assistant
 grace ,35.0,50000.0,Other,finance,Director,05/04/2018,F,user@domain.com, ,director
 ivy ,25.0,50000.0,F,it,Assistant,01/01/2000,B,email@example.com,000-000-0000,assistant
 charlie ,35.0,50000.0,F,hr,Manager,01/01/2000,F,noemail.example.com,098-765-4321,manager
 ivy ,35.0,50000.0,M,sales,Assistant,01/01/2000,F,name@company.org,123-456-7890,assistant
 alice ,35.0,50000.0,Other,marketing,Analyst,05/04/2018,F,email@example.com,555-555-5555,analyst
 alice ,25.0,50000.0,F,sales,Analyst,01/15/2020,B,email@example.com,098-765-4321,analyst
 david ,25.0,55000.0,M,finance,Director,05/04/2018,D,user@domain.com,123-456-7890,director
 ivy ,40.0,65000.0,M,marketing,Assistant,01/01/2000,B,noemail.example.com,123-456-7890,assistant
 frank ,35.0,70000.0,F,marketing,Director,01/01/2000,F,name@company.org,123-456-7890,director
 charlie ,35.0,50000.0,Other,hr,Clerk,01/15/2020,C,noemail.example.com,098-765-4321,clerk
 alice ,35.0,55000.0,M,finance,Analyst,01/15/2020,A,user@domain.com,555-555-5555,analyst
 david ,35.0,55000.0,Other,it,Director,01/01/2000,F,noemail.example.com,555-555-5555,director
 ivy ,50.0,55000.0,Other,hr,Clerk,05/04/2018,C,email@example.com,123-456-7890,clerk
 charlie ,35.0,65000.0,Other,hr,Director,01/01/2000,D,name@company.org,098-765-4321,director
 ivy ,40.0,70000.0,M,sales,Assistant,05/04/2018,F,noemail.example.com,123-456-7890,assistant
 grace ,35.0,65000.0,Other,sales,Assistant,01/01/2000,C,user@domain.com, ,assistant
 david ,35.0,65000.0,M,sales,Assistant,01/01/2000,F,noemail.example.com,555-555-5555,assistant
 charlie ,50.0,55000.0,Other,hr,Assistant,05/04/2018,B,email@example.com,000-000-0000,assistant
 jack ,40.0,65000.0,M,it,Manager,01/01/2000,C,name@company.org,123-456-7890,manager
 eve ,35.0,65000.0,Other,marketing,Clerk,01/01/2000,B,noemail.example.com, ,clerk
 eve ,40.0,50000.0,F,sales,Clerk,01/01/2000,B,noemail.example.com,555-555-5555,clerk
 charlie ,35.0,50000.0,Other,it,Assistant,01/01/2000,C,email@example.com,098-765-4321,assistant
 ivy ,40.0,65000.0,Other,finance,Manager,01/01/2000,A,noemail.example.com,555-555-5555,manager
 david ,40.0,70000.0,M,sales,Assistant,01/15/2020,C,user@domain.com,098-765-4321,assistant
 eve ,25.0,65000.0,M,marketing,Manager,01/01/2000,A,noemail.example.com,098-765-4321,manager
 david ,35.0,70000.0,Other,finance,Assistant,05/04/2018,F,noemail.example.com,123-456-7890,assistant
 eve ,40.0,65000.0,F,finance,Analyst,01/15/2020,F,noemail.example.com,123-456-7890,analyst
 grace ,50.0,50000.0,F,marketing,Analyst,05/04/2018,C,email@example.com,555-555-5555,analyst
 ivy ,40.0,70000.0,M,sales,Director,01/15/2020,F,email@example.com, ,director
 grace ,35.0,70000.0,F,hr,Assistant,01/01/2000,D,user@domain.com,555-555-5555,assistant
 eve ,35.0,50000.0,Other,marketing,Clerk,01/01/2000,B,noemail.example.com,000-000-0000,clerk
 jack ,35.0,65000.0,M,marketing,Director,01/01/2000,B,email@example.com,098-765-4321,director
 jack ,35.0,50000.0,Other,marketing,Analyst,01/01/2000,A,user@domain.com,098-765-4321,analyst
 grace ,35.0,70000.0,M,finance,Assistant,01/01/2000,F,user@domain.com,123-456-7890,assistant
 jack ,40.0,65000.0,M,it,Director,01/15/2020,A,noemail.example.com, ,director
 eve ,40.0,65000.0,M,hr,Assistant,01/01/2000,B,name@company.org,123-456-7890,assistant
 charlie ,25.0,50000.0,M,sales,Analyst,01/01/2000,B,noemail.example.com,000-000-0000,analyst
 grace ,50.0,70000.0,F,sales,Director,05/04/2018,F,name@company.org,555-555-5555,director
 bob ,35.0,65000.0,Other,it,Analyst,01/01/2000,D,user@domain.com,555-555-5555,analyst
 ivy ,35.0,70000.0,Other,marketing,Manager,01/01/2000,D,email@example.com, ,manager
 jack ,25.0,55000.0,Other,hr,Analyst,01/15/2020,F,noemail.example.com,123-456-7890,analyst
 jack ,35.0,65000.0,M,sales,Assistant,05/04/2018,F,user@domain.com,123-456-7890,assistant
 alice ,35.0,65000.0,F,sales,Clerk,01/01/2000,A,email@example.com,000-000-0000,clerk
 frank ,25.0,65000.0,Other,marketing,Analyst,01/01/2000,F,user@domain.com,555-555-5555,analyst
 grace ,40.0,65000.0,F,it,Clerk,01/15/2020,D,noemail.example.com,123-456-7890,clerk
 hannah ,35.0,65000.0,M,hr,Manager,01/01/2000,F,name@company.org, ,manager
 jack ,40.0,65000.0,Other,it,Director,01/01/2000,A,user@domain.com,555-555-5555,director
 ivy ,25.0,65000.0,F,it,Director,01/01/2000,A,email@example.com,000-000-0000,director
 bob ,40.0,65000.0,M,hr,Clerk,01/01/2000,A,noemail.example.com, ,clerk
 jack ,35.0,65000.0,F,hr,Director,01/15/2020,A,noemail.example.com,098-765-4321,director
 bob ,35.0,55000.0,Other,sales,Analyst,01/01/2000,C,noemail.example.com,000-000-0000,analyst
 eve ,35.0,70000.0,Other,sales,Clerk,01/01/2000,F,name@company.org, ,clerk
 eve ,50.0,70000.0,M,hr,Assistant,01/01/2000,B,noemail.example.com,123-456-7890,assistant
 frank ,35.0,65000.0,M,finance,Analyst,01/01/2000,F,noemail.example.com,098-765-4321,analyst
 charlie ,40.0,65000.0,M,sales,Analyst,01/01/2000,C,email@example.com,000-000-0000,analyst
 hannah ,35.0,55000.0,F,finance,Analyst,01/01/2000,A,user@domain.com,123-456-7890,analyst
 alice ,40.0,65000.0,F,hr,Assistant,01/15/2020,C,name@company.org,098-765-4321,assistant
 frank ,35.0,65000.0,F,sales,Manager,01/15/2020,D,noemail.example.com,555-555-5555,manager
 david ,25.0,50000.0,M,it,Director,01/15/2020,D,name@company.org,123-456-7890,director
 alice ,35.0,50000.0,Other,hr,Clerk,01/01/2000,F,noemail.example.com, ,clerk
 grace ,35.0,50000.0,Other,marketing,Manager,01/01/2000,F,name@company.org,000-000-0000,manager
 ivy ,35.0,55000.0,F,finance,Clerk,01/01/2000,B,noemail.example.com,098-765-4321,clerk
 david ,35.0,55000.0,F,hr,Director,01/01/2000,B,user@domain.com,123-456-7890,director
 david ,40.0,65000.0,Other,hr,Assistant,01/15/2020,D,user@domain.com,555-555-5555,assistant
 frank ,50.0,50000.0,Other,sales,Analyst,01/15/2020,A,name@company.org,000-000-0000,analyst
 charlie ,35.0,65000.0,F,sales,Analyst,01/01/2000,C,email@example.com,000-000-0000,analyst
 frank ,35.0,65000.0,F,sales,Assistant,05/04/2018,B,name@company.org,123-456-7890,assistant
 grace ,35.0,65000.0,Other,marketing,Manager,01/01/2000,B,noemail.example.com,555-555-5555,manager
 jack ,50.0,65000.0,M,sales,Manager,01/01/2000,A,user@domain.com,098-765-4321,manager
 jack ,40.0,50000.0,F,hr,Clerk,01/01/2000,A,user@domain.com,123-456-7890,clerk
 charlie ,40.0,50000.0,Other,sales,Assistant,05/04/2018,F,user@domain.com,098-765-4321,assistant
 grace ,35.0,50000.0,Other,it,Manager,01/01/2000,C,email@example.com,000-000-0000,manager
 charlie ,35.0,55000.0,Other,sales,Assistant,05/04/2018,A,email@example.com,098-765-4321,assistant
 bob ,40.0,65000.0,Other,marketing,Director,01/15/2020,B,noemail.example.com,555-555-5555,director
 jack ,50.0,55000.0,M,it,Analyst,01/15/2020,B,name@company.org, ,analyst
 david ,35.0,55000.0,Other,hr,Analyst,01/01/2000,D,name@company.org,555-555-5555,analyst
 hannah ,25.0,70000.0,F,hr,Analyst,01/01/2000,A,noemail.example.com,098-765-4321,analyst
 ivy ,25.0,65000.0,M,finance,Assistant,01/01/2000,F,user@domain.com,123-456-7890,assistant
 grace ,25.0,65000.0,Other,it,Assistant,01/01/2000,C,email@example.com,000-000-0000,assistant
 alice ,35.0,65000.0,M,finance,Clerk,05/04/2018,F,noemail.example.com, ,clerk
 charlie ,35.0,55000.0,F,it,Analyst,01/15/2020,B,noemail.example.com,123-456-7890,analyst
 ivy ,40.0,65000.0,Other,it,Clerk,01/01/2000,F,email@example.com,123-456-7890,clerk
 alice ,35.0,70000.0,F,marketing,Analyst,05/04/2018,B,name@company.org,555-555-5555,analyst
 ivy ,50.0,70000.0,Other,finance,Clerk,01/15/2020,B,user@domain.com,098-765-4321,clerk
 hannah ,35.0,65000.0,Other,marketing,Clerk,01/01/2000,B,name@company.org,555-555-5555,clerk
 alice ,50.0,55000.0,Other,it,Director,01/01/2000,B,noemail.example.com,098-765-4321,director
 frank ,35.0,65000.0,Other,hr,Clerk,01/01/2000,B,user@domain.com,555-555-5555,clerk
 eve ,25.0,55000.0,Other,it,Assistant,01/01/2000,D,noemail.example.com,123-456-7890,assistant
 frank ,35.0,50000.0,M,marketing,Clerk,05/04/2018,F,noemail.example.com,000-000-0000,clerk
 jack ,35.0,55000.0,Other,finance,Analyst,01/01/2000,D,name@company.org,098-765-4321,analyst
 eve ,35.0,50000.0,Other,finance,Clerk,01/01/2000,D,name@company.org, ,clerk
 frank ,50.0,50000.0,M,marketing,Manager,01/15/2020,A,name@company.org, ,manager
 eve ,40.0,65000.0,M,finance,Analyst,05/04/2018,A,email@example.com,123-456-7890,analyst
 eve ,40.0,65000.0,M,sales,Manager,01/01/2000,A,noemail.example.com,555-555-5555,manager
 david ,50.0,65000.0,M,hr,Analyst,01/15/2020,C,user@domain.com,555-555-5555,analyst
 charlie ,35.0,55000.0,M,hr,Assistant,01/01/2000,A,name@company.org,123-456-7890,assistant
 charlie ,35.0,50000.0,M,hr,Assistant,01/01/2000,F,name@company.org, ,assistant
 david ,35.0,55000.0,Other,finance,Assistant,01/15/2020,D,email@example.com, ,assistant
 ivy ,35.0,65000.0,Other,finance,Manager,01/01/2000,F,user@domain.com,555-555-5555,manager
 bob ,35.0,65000.0,F,it,Director,01/01/2000,A,noemail.example.com,098-765-4321,director
 ivy ,35.0,65000.0,Other,it,Analyst,01/01/2000,C,noemail.example.com,000-000-0000,analyst
 alice ,25.0,65000.0,Other,hr,Assistant,01/15/2020,C,email@example.com,098-765-4321,assistant
 alice ,35.0,70000.0,M,sales,Analyst,01/01/2000,D,noemail.example.com, ,analyst
 eve ,50.0,65000.0,M,it,Manager,01/15/2020,F,noemail.example.com,098-765-4321,manager
 frank ,25.0,65000.0,Other,it,Director,01/15/2020,B,name@company.org,000-000-0000,director
 frank ,35.0,65000.0,F,finance,Manager,01/01/2000,F,name@company.org,098-765-4321,manager
 charlie ,50.0,50000.0,M,sales,Analyst,01/15/2020,A,user@domain.com,098-765-4321,analyst
 grace ,25.0,70000.0,Other,hr,Director,01/01/2000,B,noemail.example.com,098-765-4321,director
 ivy ,50.0,65000.0,Other,it,Director,01/15/2020,C,name@company.org,098-765-4321,director
 jack ,35.0,55000.0,F,sales,Manager,05/04/2018,D,name@company.org,123-456-7890,manager
 hannah ,35.0,65000.0,F,sales,Assistant,01/15/2020,D,user@domain.com, ,assistant
 frank ,35.0,50000.0,M,hr,Analyst,05/04/2018,C,noemail.example.com,000-000-0000,analyst
 hannah ,35.0,65000.0,F,sales,Clerk,01/15/2020,A,name@company.org, ,clerk
 eve ,50.0,50000.0,Other,sales,Clerk,01/15/2020,C,email@example.com,123-456-7890,clerk
 hannah ,40.0,55000.0,Other,sales,Manager,01/01/2000,A,email@example.com,123-456-7890,manager
 jack ,35.0,70000.0,F,it,Analyst,01/01/2000,B,noemail.example.com,123-456-7890,analyst
 david ,35.0,70000.0,F,hr,Analyst,01/01/2000,C,noemail.example.com,123-456-7890,analyst
 jack ,35.0,65000.0,F,sales,Manager,01/01/2000,A,user@domain.com,098-765-4321,manager
 hannah ,35.0,70000.0,F,sales,Analyst,01/01/2000,B,email@example.com, ,analyst
 jack ,35.0,65000.0,M,it,Assistant,01/01/2000,C,email@example.com,555-555-5555,assistant
 bob ,40.0,65000.0,F,hr,Manager,01/01/2000,D,noemail.example.com,000-000-0000,manager
 eve ,35.0,65000.0,M,finance,Assistant,01/01/2000,C,noemail.example.com,123-456-7890,assistant
 ivy ,40.0,65000.0,Other,it,Analyst,01/01/2000,F,noemail.example.com, ,analyst
 david ,35.0,65000.0,F,hr,Manager,01/01/2000,C,noemail.example.com,123-456-7890,manager
 frank ,25.0,65000.0,M,sales,Analyst,01/15/2020,F,email@example.com,123-456-7890,analyst
 alice ,50.0,65000.0,F,hr,Manager,01/01/2000,B,user@domain.com,123-456-7890,manager
 ivy ,35.0,65000.0,Other,hr,Analyst,01/01/2000,C,email@example.com,123-456-7890,analyst
 alice ,35.0,50000.0,Other,hr,Assistant,05/04/2018,B,noemail.example.com,123-456-7890,assistant
 eve ,35.0,65000.0,Other,finance,Assistant,01/01/2000,B,email@example.com,000-000-0000,assistant
 david ,35.0,65000.0,F,hr,Analyst,01/01/2000,A,user@domain.com, ,analyst
 charlie ,35.0,70000.0,F,finance,Manager,01/01/2000,B,name@company.org,123-456-7890,manager
 frank ,50.0,70000.0,M,sales,Clerk,01/15/2020,B,email@example.com,123-456-7890,clerk
 bob ,35.0,55000.0,Other,finance,Assistant,01/15/2020,C,noemail.example.com,123-456-7890,assistant
 charlie ,40.0,55000.0,F,sales,Assistant,01/15/2020,C,name@company.org,123-456-7890,assistant
 eve ,35.0,70000.0,Other,sales,Clerk,01/01/2000,D,noemail.example.com,098-765-4321,clerk
 ivy ,25.0,70000.0,Other,finance,Analyst,05/04/2018,A,noemail.example.com,098-765-4321,analyst
 bob ,35.0,65000.0,M,it,Manager,01/01/2000,B,noemail.example.com,555-555-5555,manager
 jack ,40.0,65000.0,M,marketing,Analyst,01/01/2000,A,email@example.com,123-456-7890,analyst
 hannah ,25.0,55000.0,M,hr,Director,05/04/2018,F,noemail.example.com,555-555-5555,director
 bob ,40.0,65000.0,M,marketing,Assistant,01/01/2000,B,name@company.org,000-000-0000,assistant
 eve ,40.0,65000.0,Other,hr,Director,05/04/2018,A,user@domain.com,555-555-5555,director
 grace ,35.0,70000.0,M,hr,Assistant,01/15/2020,D,noemail.example.com, ,assistant
 hannah ,35.0,65000.0,M,sales,Assistant,01/01/2000,D,email@example.com,098-765-4321,assistant
 alice ,35.0,65000.0,M,hr,Director,01/01/2000,B,noemail.example.com,098-765-4321,director
 frank ,50.0,70000.0,M,hr,Director,05/04/2018,F,user@domain.com,123-456-7890,director
 alice ,35.0,70000.0,Other,finance,Analyst,01/01/2000,D,name@company.org,123-456-7890,analyst
 bob ,50.0,50000.0,M,marketing,Director,01/01/2000,D,noemail.example.com,000-000-0000,director
 alice ,35.0,65000.0,Other,finance,Analyst,01/01/2000,F,noemail.example.com,000-000-0000,analyst
 eve ,35.0,65000.0,F,hr,Analyst,05/04/2018,A,user@domain.com, ,analyst
 jack ,35.0,65000.0,Other,sales,Analyst,01/01/2000,D,email@example.com,123-456-7890,analyst
 ivy ,25.0,70000.0,Other,finance,Assistant,01/15/2020,C,name@company.org,123-456-7890,assistant
 frank ,50.0,65000.0,M,finance,Assistant,01/01/2000,D,user@domain.com,000-000-0000,assistant
 alice ,35.0,65000.0,F,it,Director,01/01/2000,A,noemail.example.com,000-000-0000,director
 alice ,35.0,50000.0,F,hr,Assistant,05/04/2018,A,name@company.org,000-000-0000,assistant
 bob ,40.0,70000.0,F,sales,Director,01/15/2020,B,noemail.example.com,098-765-4321,director
 ivy ,40.0,55000.0,F,finance,Assistant,01/01/2000,C,user@domain.com,555-555-5555,assistant
 charlie ,40.0,55000.0,Other,finance,Manager,01/01/2000,A,noemail.example.com,555-555-5555,manager
 alice ,35.0,50000.0,F,sales,Manager,01/01/2000,F,noemail.example.com,123-456-7890,manager
 eve ,35.0,65000.0,Other,hr,Director,01/01/2000,C,noemail.example.com,098-765-4321,director
 grace ,50.0,70000.0,Other,it,Assistant,01/15/2020,C,email@example.com,000-000-0000,assistant
 frank ,35.0,65000.0,Other,finance,Assistant,01/01/2000,F,noemail.example.com,123-456-7890,assistant
 alice ,25.0,50000.0,F,it,Analyst,01/01/2000,D,noemail.example.com,098-765-4321,analyst
 eve ,40.0,65000.0,M,marketing,Clerk,01/15/2020,F,noemail.example.com, ,clerk
 eve ,35.0,65000.0,M,hr,Director,05/04/2018,F,name@company.org,098-765-4321,director
 frank ,35.0,55000.0,F,marketing,Clerk,01/15/2020,D,noemail.example.com,123-456-7890,clerk
 charlie ,25.0,55000.0,M,marketing,Clerk,05/04/2018,D,noemail.example.com,555-555-5555,clerk
 eve ,35.0,65000.0,M,marketing,Director,01/15/2020,D,user@domain.com,000-000-0000,director
 grace ,35.0,50000.0,Other,hr,Assistant,01/01/2000,D,email@example.com, ,assistant
 eve ,50.0,55000.0,Other,hr,Director,01/01/2000,D,name@company.org,098-765-4321,director
 eve ,35.0,70000.0,F,sales,Clerk,01/15/2020,F,noemail.example.com,123-456-7890,clerk
 eve ,40.0,65000.0,F,it,Assistant,01/01/2000,B,user@domain.com,123-456-7890,assistant
 jack ,35.0,65000.0,M,it,Manager,01/01/2000,B,email@example.com,000-000-0000,manager
 jack ,25.0,65000.0,Other,sales,Director,05/04/2018,A,name@company.org,123-456-7890,director
 charlie ,25.0,55000.0,F,sales,Director,05/04/2018,B,name@company.org,123-456-7890,director
 alice ,35.0,50000.0,F,marketing,Assistant,01/01/2000,B,noemail.example.com,000-000-0000,assistant
 eve ,35.0,70000.0,F,sales,Manager,05/04/2018,F,name@company.org, ,manager
 ivy ,35.0,50000.0,F,finance,Manager,01/01/2000,D,user@domain.com,555-555-5555,manager
 alice ,35.0,65000.0,F,it,Assistant,01/15/2020,D,name@company.org,555-555-5555,assistant
 charlie ,35.0,65000.0,F,sales,Analyst,01/15/2020,F,noemail.example.com,098-765-4321,analyst
 david ,50.0,65000.0,M,finance,Director,01/15/2020,B,user@domain.com, ,director
 alice ,25.0,55000.0,Other,finance,Director,01/01/2000,F,email@example.com,098-765-4321,director
 alice ,25.0,55000.0,Other,finance,Clerk,01/01/2000,A,email@example.com,555-555-5555,clerk
 hannah ,40.0,55000.0,F,finance,Assistant,01/01/2000,D,noemail.example.com,000-000-0000,assistant
 bob ,40.0,65000.0,Other,marketing,Clerk,05/04/2018,C,noemail.example.com,123-456-7890,clerk
 hannah ,35.0,65000.0,Other,finance,Clerk,05/04/2018,A,noemail.example.com,555-555-5555,clerk
 grace ,50.0,50000.0,Other,marketing,Manager,01/15/2020,A,email@example.com, ,manager
 jack ,35.0,65000.0,F,marketing,Director,01/01/2000,F,email@example.com,555-555-5555,director
 jack ,35.0,65000.0,F,finance,Clerk,01/01/2000,B,email@example.com, ,clerk
 bob ,35.0,50000.0,Other,it,Manager,01/01/2000,D,email@example.com, ,manager
 frank ,40.0,55000.0,Other,finance,Assistant,01/15/2020,C,name@company.org, ,assistant
 frank ,35.0,70000.0,F,finance,Clerk,01/01/2000,A,user@domain.com,098-765-4321,clerk
 charlie ,40.0,50000.0,M,finance,Director,01/15/2020,C,user@domain.com,000-000-0000,director
 bob ,35.0,65000.0,Other,it,Clerk,01/01/2000,B,noemail.example.com,555-555-5555,clerk
 alice ,35.0,65000.0,M,hr,Assistant,05/04/2018,B,name@company.org,000-000-0000,assistant
 frank ,35.0,65000.0,Other,hr,Clerk,01/01/2000,C,email@example.com,123-456-7890,clerk
 eve ,35.0,65000.0,M,marketing,Director,05/04/2018,D,email@example.com,555-555-5555,director
 ivy ,50.0,65000.0,M,marketing,Manager,05/04/2018,B,noemail.example.com,000-000-0000,manager
 alice ,25.0,70000.0,M,it,Director,01/01/2000,C,noemail.example.com,000-000-0000,director
 grace ,50.0,55000.0,F,sales,Manager,01/01/2000,A,noemail.example.com,123-456-7890,manager
 eve ,50.0,65000.0,M,hr,Analyst,01/01/2000,C,email@example.com, ,analyst
 eve ,25.0,70000.0,M,marketing,Director,01/01/2000,C,noemail.example.com,555-555-5555,director
 bob ,50.0,65000.0,M,hr,Director,05/04/2018,F,name@company.org,555-555-5555,director
 charlie ,35.0,65000.0,Other,it,Assistant,01/15/2020,B,user@domain.com,123-456-7890,assistant
 grace ,35.0,55000.0,M,it,Clerk,05/04/2018,D,email@example.com, ,clerk
 frank ,35.0,65000.0,Other,sales,Manager,01/01/2000,D,name@company.org,555-555-5555,manager
 bob ,25.0,65000.0,M,sales,Manager,05/04/2018,F,email@example.com,555-555-5555,manager
 frank ,50.0,55000.0,M,it,Assistant,01/15/2020,D,noemail.example.com,555-555-5555,assistant
 bob ,25.0,70000.0,F,marketing,Assistant,01/01/2000,C,noemail.example.com, ,assistant
 bob ,35.0,65000.0,Other,hr,Clerk,01/01/2000,F,noemail.example.com,123-456-7890,clerk
 bob ,50.0,70000.0,M,finance,Clerk,05/04/2018,A,user@domain.com,555-555-5555,clerk
 charlie ,50.0,65000.0,Other,sales,Director,01/01/2000,B,noemail.example.com,000-000-0000,director
 bob ,40.0,70000.0,Other,finance,Analyst,01/01/2000,B,email@example.com, ,analyst
 david ,40.0,55000.0,F,marketing,Clerk,05/04/2018,B,noemail.example.com,098-765-4321,clerk
 ivy ,35.0,65000.0,F,sales,Assistant,05/04/2018,C,email@example.com,123-456-7890,assistant
 frank ,35.0,65000.0,F,finance,Clerk,01/01/2000,A,user@domain.com,000-000-0000,clerk
 alice ,40.0,65000.0,F,marketing,Manager,01/01/2000,F,noemail.example.com,555-555-5555,manager
 hannah ,25.0,65000.0,F,hr,Analyst,01/15/2020,F,noemail.example.com,098-765-4321,analyst
 grace ,40.0,50000.0,F,marketing,Director,01/01/2000,B,noemail.example.com,123-456-7890,director
 jack ,35.0,70000.0,F,sales,Manager,01/15/2020,A,noemail.example.com, ,manager
 charlie ,50.0,65000.0,F,it,Manager,05/04/2018,A,noemail.example.com,098-765-4321,manager
 alice ,35.0,50000.0,M,hr,Analyst,01/01/2000,A,noemail.example.com,098-765-4321,analyst
 eve ,50.0,65000.0,Other,finance,Director,05/04/2018,D,noemail.example.com,000-000-0000,director
 david ,50.0,70000.0,F,sales,Assistant,05/04/2018,D,email@example.com,123-456-7890,assistant
 jack ,35.0,65000.0,F,it,Director,01/01/2000,B,user@domain.com,000-000-0000,director
 hannah ,40.0,65000.0,Other,marketing,Clerk,01/01/2000,A,noemail.example.com,000-000-0000,clerk
 alice ,25.0,70000.0,M,it,Manager,05/04/2018,A,email@example.com,555-555-5555,manager
 jack ,25.0,55000.0,Other,sales,Clerk,01/01/2000,F,noemail.example.com, ,clerk
 alice ,35.0,65000.0,Other,sales,Assistant,05/04/2018,F,email@example.com,098-765-4321,assistant
 david ,50.0,65000.0,F,it,Clerk,01/01/2000,B,noemail.example.com,123-456-7890,clerk
 hannah ,25.0,65000.0,Other,marketing,Director,01/01/2000,A,noemail.example.com, ,director
 eve ,35.0,55000.0,Other,it,Clerk,05/04/2018,B,noemail.example.com, ,clerk
 bob ,50.0,65000.0,F,sales,Assistant,01/01/2000,F,noemail.example.com,123-456-7890,assistant
 frank ,35.0,55000.0,F,sales,Assistant,01/01/2000,F,name@company.org, ,assistant
 eve ,25.0,65000.0,F,finance,Assistant,05/04/2018,D,email@example.com,555-555-5555,assistant
 bob ,25.0,65000.0,F,finance,Director,01/01/2000,B,name@company.org, ,director
 charlie ,35.0,65000.0,Other,hr,Assistant,05/04/2018,B,email@example.com,555-555-5555,assistant
 ivy ,25.0,65000.0,Other,sales,Manager,05/04/2018,A,user@domain.com,098-765-4321,manager
 grace ,50.0,50000.0,M,finance,Assistant,01/01/2000,A,noemail.example.com,098-765-4321,assistant
 grace ,50.0,65000.0,M,it,Clerk,01/01/2000,D,user@domain.com,000-000-0000,clerk
 frank ,50.0,65000.0,Other,marketing,Clerk,01/01/2000,C,user@domain.com,555-555-5555,clerk
 hannah ,35.0,65000.0,M,it,Clerk,01/01/2000,C,email@example.com,098-765-4321,clerk
 david ,35.0,70000.0,Other,marketing,Director,05/04/2018,C,name@company.org, ,director
 hannah ,25.0,65000.0,M,finance,Clerk,01/01/2000,B,noemail.example.com,123-456-7890,clerk
 david ,35.0,65000.0,F,hr,Director,01/01/2000,B,email@example.com,123-456-7890,director
 hannah ,35.0,55000.0,M,it,Director,01/01/2000,F,noemail.example.com,555-555-5555,director
 ivy ,35.0,65000.0,F,it,Assistant,01/01/2000,B,user@domain.com,000-000-0000,assistant
 charlie ,25.0,70000.0,F,it,Manager,01/01/2000,B,noemail.example.com, ,manager
 charlie ,35.0,65000.0,F,marketing,Assistant,01/01/2000,B,name@company.org,555-555-5555,assistant
 bob ,25.0,65000.0,F,finance,Assistant,01/01/2000,D,email@example.com,123-456-7890,assistant
 jack ,25.0,70000.0,M,it,Director,01/01/2000,B,name@company.org,555-555-5555,director
 charlie ,25.0,65000.0,Other,it,Director,01/01/2000,A,name@company.org, ,director
 charlie ,40.0,65000.0,F,hr,Clerk,01/01/2000,A,email@example.com,098-765-4321,clerk
 eve ,50.0,50000.0,M,hr,Clerk,01/01/2000,F,name@company.org, ,clerk
 eve ,25.0,50000.0,F,finance,Assistant,01/01/2000,D,noemail.example.com,098-765-4321,assistant
 bob ,40.0,55000.0,M,finance,Analyst,01/15/2020,A,noemail.example.com,098-765-4321,analyst
 jack ,35.0,65000.0,M,sales,Analyst,01/01/2000,D,noemail.example.com,098-765-4321,analyst
 frank ,35.0,50000.0,M,hr,Clerk,01/01/2000,D,noemail.example.com,555-555-5555,clerk
 eve ,50.0,65000.0,Other,sales,Analyst,01/15/2020,F,name@company.org,123-456-7890,analyst
 frank ,35.0,65000.0,M,marketing,Clerk,01/01/2000,D,email@example.com,555-555-5555,clerk
 alice ,50.0,65000.0,M,sales,Director,01/01/2000,B,email@example.com,123-456-7890,director
 eve ,35.0,65000.0,Other,it,Assistant,01/01/2000,D,noemail.example.com, ,assistant
 ivy ,50.0,50000.0,Other,sales,Manager,01/15/2020,F,email@example.com,000-000-0000,manager
 jack ,35.0,65000.0,M,finance,Assistant,01/01/2000,F,noemail.example.com, ,assistant
 bob ,35.0,65000.0,Other,marketing,Clerk,01/01/2000,F,name@company.org,555-555-5555,clerk
 alice ,35.0,70000.0,F,it,Clerk,01/01/2000,A,email@example.com,555-555-5555,clerk
 jack ,35.0,50000.0,F,sales,Assistant,01/01/2000,B,email@example.com,123-456-7890,assistant
 ivy ,35.0,50000.0,Other,marketing,Clerk,01/01/2000,A,user@domain.com,555-555-5555,clerk
 jack ,25.0,65000.0,Other,marketing,Analyst,05/04/2018,C,user@domain.com,098-765-4321,analyst
 ivy ,35.0,65000.0,M,it,Analyst,05/04/2018,B,user@domain.com,555-555-5555,analyst
 ivy ,40.0,65000.0,Other,sales,Clerk,01/01/2000,D,name@company.org,123-456-7890,clerk
 frank ,35.0,65000.0,M,marketing,Clerk,01/15/2020,F,noemail.example.com,123-456-7890,clerk
 hannah ,35.0,65000.0,F,marketing,Analyst,01/01/2000,C,noemail.example.com,098-765-4321,analyst
 alice ,50.0,65000.0,Other,hr,Clerk,01/01/2000,B,noemail.example.com,123-456-7890,clerk
 jack ,25.0,65000.0,M,marketing,Clerk,01/15/2020,A,name@company.org,000-000-0000,clerk
 david ,50.0,65000.0,M,hr,Assistant,01/15/2020,F,name@company.org, ,assistant
 alice ,25.0,50000.0,F,sales,Manager,01/01/2000,A,user@domain.com,555-555-5555,manager
 hannah ,25.0,55000.0,Other,sales,Analyst,01/01/2000,B,email@example.com,000-000-0000,analyst
 alice ,35.0,70000.0,F,sales,Assistant,01/15/2020,B,noemail.example.com,555-555-5555,assistant
 charlie ,35.0,50000.0,M,finance,Manager,05/04/2018,C,noemail.example.com,000-000-0000,manager
 david ,35.0,65000.0,M,sales,Clerk,05/04/2018,D,email@example.com,555-555-5555,clerk
 hannah ,35.0,70000.0,Other,marketing,Clerk,01/01/2000,A,user@domain.com,098-765-4321,clerk
 frank ,50.0,55000.0,M,it,Assistant,01/01/2000,C,email@example.com,123-456-7890,assistant
 jack ,35.0,55000.0,Other,hr,Clerk,01/01/2000,F,email@example.com,123-456-7890,clerk
 grace ,50.0,65000.0,F,finance,Director,01/01/2000,D,noemail.example.com,098-765-4321,director
 hannah ,35.0,70000.0,Other,sales,Assistant,01/01/2000,C,user@domain.com,000-000-0000,assistant
 bob ,35.0,65000.0,Other,sales,Manager,01/15/2020,A,name@company.org, ,manager
 jack ,35.0,50000.0,M,it,Assistant,05/04/2018,B,noemail.example.com,000-000-0000,assistant
 hannah ,35.0,65000.0,M,it,Analyst,01/01/2000,F,name@company.org,123-456-7890,analyst
 charlie ,50.0,65000.0,Other,finance,Assistant,01/01/2000,A,user@domain.com, ,assistant
 grace ,35.0,65000.0,M,hr,Clerk,01/01/2000,D,email@example.com,555-555-5555,clerk
 charlie ,50.0,70000.0,M,sales,Clerk,01/01/2000,D,noemail.example.com, ,clerk
 grace ,35.0,65000.0,M,finance,Director,05/04/2018,B,noemail.example.com,000-000-0000,director
 bob ,35.0,50000.0,Other,marketing,Director,01/15/2020,B,user@domain.com,098-765-4321,director
 jack ,25.0,65000.0,M,marketing,Director,01/01/2000,F,noemail.example.com,555-555-5555,director
 frank ,35.0,70000.0,Other,finance,Manager,01/01/2000,F,name@company.org,000-000-0000,manager
 charlie ,35.0,65000.0,M,sales,Director,01/01/2000,B,noemail.example.com,555-555-5555,director
 charlie ,50.0,70000.0,F,finance,Manager,01/01/2000,B,user@domain.com, ,manager
 ivy ,35.0,65000.0,M,sales,Director,01/01/2000,D,user@domain.com,123-456-7890,director
 grace ,35.0,55000.0,M,it,Manager,01/15/2020,B,name@company.org,000-000-0000,manager
 eve ,50.0,65000.0,Other,finance,Assistant,05/04/2018,C,noemail.example.com,098-765-4321,assistant
 jack ,35.0,65000.0,Other,sales,Assistant,01/15/2020,A,noemail.example.com, ,assistant
 grace ,35.0,55000.0,M,finance,Clerk,01/01/2000,B,email@example.com,000-000-0000,clerk
 ivy ,40.0,65000.0,F,finance,Manager,01/01/2000,F,noemail.example.com,098-765-4321,manager
 alice ,25.0,70000.0,M,sales,Analyst,01/01/2000,C,user@domain.com,000-000-0000,analyst
 grace ,40.0,70000.0,M,sales,Clerk,05/04/2018,F,email@example.com, ,clerk
 frank ,35.0,70000.0,F,hr,Assistant,01/01/2000,C,user@domain.com,000-000-0000,assistant
 jack ,35.0,65000.0,Other,finance,Manager,05/04/2018,B,email@example.com,555-555-5555,manager
 ivy ,35.0,50000.0,M,marketing,Director,01/01/2000,A,noemail.example.com, ,director
 alice ,50.0,70000.0,Other,finance,Analyst,01/01/2000,F,email@example.com,000-000-0000,analyst
 david ,35.0,55000.0,Other,finance,Assistant,05/04/2018,C,user@domain.com,123-456-7890,assistant
 ivy ,40.0,70000.0,F,sales,Clerk,05/04/2018,D,noemail.example.com,000-000-0000,clerk
 david ,40.0,65000.0,F,finance,Manager,01/01/2000,B,user@domain.com,555-555-5555,manager
 jack ,40.0,65000.0,Other,finance,Analyst,01/01/2000,A,name@company.org,098-765-4321,analyst
 charlie ,35.0,55000.0,M,marketing,Manager,05/04/2018,B,name@company.org,098-765-4321,manager
 ivy ,35.0,65000.0,Other,sales,Director,01/01/2000,D,name@company.org,098-765-4321,director
 bob ,35.0,65000.0,M,finance,Clerk,01/01/2000,A,name@company.org,123-456-7890,clerk
 david ,50.0,55000.0,M,it,Manager,01/01/2000,D,noemail.example.com,555-555-5555,manager
 frank ,35.0,65000.0,F,hr,Assistant,01/01/2000,B,noemail.example.com, ,assistant
 bob ,35.0,50000.0,M,marketing,Clerk,05/04/2018,C,noemail.example.com,098-765-4321,clerk
 hannah ,50.0,50000.0,M,finance,Assistant,01/01/2000,B,user@domain.com,555-555-5555,assistant
 hannah ,40.0,65000.0,Other,it,Manager,05/04/2018,B,email@example.com,000-000-0000,manager
 alice ,25.0,65000.0,F,finance,Clerk,01/15/2020,B,user@domain.com,123-456-7890,clerk
 charlie ,35.0,50000.0,M,finance,Assistant,01/15/2020,F,user@domain.com,555-555-5555,assistant
 jack ,35.0,65000.0,M,sales,Director,01/01/2000,D,user@domain.com,555-555-5555,director
 ivy ,35.0,65000.0,F,sales,Director,01/01/2000,D,user@domain.com, ,director
 eve ,35.0,65000.0,Other,sales,Manager,05/04/2018,D,noemail.example.com,555-555-5555,manager
 frank ,35.0,65000.0,F,it,Clerk,05/04/2018,F,email@example.com, ,clerk
 david ,35.0,65000.0,F,finance,Analyst,01/01/2000,C,user@domain.com,123-456-7890,analyst
 jack ,40.0,50000.0,M,hr,Clerk,01/01/2000,B,noemail.example.com,123-456-7890,clerk
 bob ,40.0,65000.0,M,marketing,Director,01/15/2020,C,user@domain.com,000-000-0000,director
 hannah ,50.0,50000.0,Other,sales,Assistant,01/01/2000,F,name@company.org, ,assistant
 frank ,25.0,65000.0,M,sales,Analyst,01/01/2000,D,user@domain.com, ,analyst
 eve ,35.0,70000.0,M,finance,Manager,01/01/2000,B,user@domain.com,098-765-4321,manager
 ivy ,25.0,65000.0,F,finance,Analyst,01/01/2000,A,noemail.example.com,098-765-4321,analyst
 alice ,50.0,65000.0,M,it,Manager,01/01/2000,A,name@company.org,000-000-0000,manager
 eve ,40.0,55000.0,Other,it,Analyst,01/01/2000,C,email@example.com,123-456-7890,analyst
 frank ,35.0,65000.0,F,sales,Manager,01/15/2020,D,user@domain.com,098-765-4321,manager
 eve ,40.0,65000.0,Other,finance,Manager,01/15/2020,A,email@example.com,555-555-5555,manager
 frank ,35.0,65000.0,F,hr,Analyst,01/01/2000,C,name@company.org,123-456-7890,analyst
 frank ,40.0,65000.0,M,marketing,Analyst,01/01/2000,F,user@domain.com,555-555-5555,analyst
 grace ,35.0,65000.0,F,finance,Manager,05/04/2018,C,noemail.example.com, ,manager
 david ,35.0,65000.0,F,finance,Director,01/15/2020,C,noemail.example.com,123-456-7890,director
 hannah ,35.0,55000.0,M,it,Analyst,05/04/2018,C,noemail.example.com,000-000-0000,analyst
 grace ,50.0,65000.0,M,marketing,Clerk,05/04/2018,B,noemail.example.com, ,clerk
 ivy ,35.0,55000.0,Other,sales,Assistant,01/01/2000,C,noemail.example.com, ,assistant
 grace ,35.0,50000.0,Other,finance,Manager,01/01/2000,C,noemail.example.com,555-555-5555,manager
 charlie ,35.0,70000.0,M,sales,Manager,01/01/2000,B,noemail.example.com, ,manager
 charlie ,25.0,65000.0,M,finance,Assistant,01/15/2020,B,user@domain.com,098-765-4321,assistant
 hannah ,35.0,65000.0,M,sales,Director,05/04/2018,F,email@example.com,123-456-7890,director
 eve ,25.0,50000.0,F,marketing,Assistant,01/01/2000,D,email@example.com,098-765-4321,assistant
 david ,35.0,70000.0,F,it,Analyst,01/01/2000,A,noemail.example.com,555-555-5555,analyst
 hannah ,35.0,65000.0,F,marketing,Assistant,01/01/2000,A,noemail.example.com,555-555-5555,assistant
 frank ,40.0,65000.0,M,hr,Manager,01/15/2020,C,name@company.org,123-456-7890,manager
 bob ,35.0,65000.0,Other,it,Assistant,01/01/2000,F,noemail.example.com, ,assistant
 david ,35.0,55000.0,M,marketing,Clerk,01/01/2000,C,noemail.example.com,000-000-0000,clerk
 david ,35.0,55000.0,F,hr,Analyst,01/15/2020,A,noemail.example.com,555-555-5555,analyst
 frank ,35.0,65000.0,F,finance,Assistant,05/04/2018,B,user@domain.com,123-456-7890,assistant
 frank ,35.0,50000.0,M,finance,Manager,01/01/2000,D,user@domain.com,000-000-0000,manager
 alice ,50.0,70000.0,M,sales,Analyst,01/15/2020,F,email@example.com, ,analyst
 hannah ,35.0,65000.0,F,it,Manager,01/01/2000,B,email@example.com,555-555-5555,manager
 frank ,35.0,55000.0,F,finance,Director,01/01/2000,D,name@company.org,123-456-7890,director
 charlie ,35.0,50000.0,F,it,Clerk,01/01/2000,F,name@company.org,123-456-7890,clerk
 ivy ,35.0,65000.0,M,finance,Director,01/15/2020,F,name@company.org,123-456-7890,director
 bob ,50.0,65000.0,F,sales,Clerk,01/01/2000,A,name@company.org,555-555-5555,clerk
 hannah ,40.0,55000.0,F,marketing,Assistant,01/01/2000,B,noemail.example.com,000-000-0000,assistant
 jack ,35.0,65000.0,Other,sales,Analyst,05/04/2018,F,noemail.example.com,123-456-7890,analyst
 charlie ,35.0,65000.0,M,hr,Assistant,01/01/2000,F,email@example.com, ,assistant
 eve ,40.0,70000.0,Other,finance,Clerk,01/01/2000,D,user@domain.com,123-456-7890,clerk
 frank ,35.0,55000.0,Other,hr,Clerk,01/01/2000,A,user@domain.com,000-000-0000,clerk
 jack ,40.0,55000.0,F,hr,Clerk,01/01/2000,C,noemail.example.com,555-555-5555,clerk
 frank ,25.0,65000.0,M,it,Manager,01/01/2000,A,noemail.example.com,123-456-7890,manager
 david ,35.0,65000.0,F,finance,Analyst,01/01/2000,C,name@company.org,123-456-7890,analyst
 charlie ,35.0,50000.0,M,hr,Assistant,05/04/2018,B,name@company.org, ,assistant
 david ,35.0,70000.0,Other,marketing,Assistant,01/01/2000,B,noemail.example.com, ,assistant
 alice ,50.0,55000.0,M,hr,Director,01/01/2000,F,user@domain.com,123-456-7890,director
 david ,35.0,70000.0,F,marketing,Clerk,05/04/2018,B,name@company.org,123-456-7890,clerk
 alice ,35.0,55000.0,F,it,Clerk,01/15/2020,F,user@domain.com, ,clerk
 alice ,50.0,70000.0,F,hr,Clerk,01/01/2000,A,noemail.example.com,000-000-0000,clerk
 jack ,50.0,65000.0,M,sales,Assistant,01/01/2000,B,user@domain.com,098-765-4321,assistant
 frank ,35.0,55000.0,Other,it,Director,01/01/2000,A,user@domain.com,098-765-4321,director
 eve ,40.0,70000.0,Other,marketing,Manager,01/01/2000,A,user@domain.com,123-456-7890,manager
 david ,40.0,50000.0,M,it,Analyst,05/04/2018,B,name@company.org, ,analyst
 charlie ,50.0,65000.0,F,hr,Manager,01/15/2020,A,email@example.com,555-555-5555,manager
 alice ,40.0,65000.0,Other,finance,Assistant,01/01/2000,B,noemail.example.com,555-555-5555,assistant
 frank ,25.0,50000.0,F,finance,Clerk,01/15/2020,B,user@domain.com,098-765-4321,clerk
 bob ,50.0,70000.0,M,marketing,Analyst,05/04/2018,B,user@domain.com,000-000-0000,analyst
 hannah ,50.0,65000.0,F,marketing,Assistant,01/01/2000,C,user@domain.com,098-765-4321,assistant
 jack ,35.0,50000.0,Other,finance,Assistant,01/01/2000,A,email@example.com,123-456-7890,assistant
 eve ,40.0,70000.0,Other,marketing,Assistant,01/01/2000,D,noemail.example.com,000-000-0000,assistant
 grace ,50.0,50000.0,F,it,Analyst,01/01/2000,B,name@company.org,555-555-5555,analyst
 jack ,25.0,50000.0,M,sales,Analyst,01/01/2000,A,email@example.com, ,analyst
 bob ,35.0,55000.0,F,sales,Director,01/01/2000,F,user@domain.com, ,director
 hannah ,35.0,70000.0,M,it,Director,01/01/2000,B,email@example.com,123-456-7890,director
 bob ,50.0,65000.0,F,sales,Manager,01/15/2020,B,email@example.com,098-765-4321,manager
 david ,25.0,55000.0,Other,hr,Analyst,05/04/2018,D,email@example.com,123-456-7890,analyst
 alice ,35.0,50000.0,M,it,Analyst,01/01/2000,C,noemail.example.com, ,analyst
 eve ,25.0,65000.0,M,marketing,Analyst,01/01/2000,C,noemail.example.com,555-555-5555,analyst
 ivy ,25.0,50000.0,M,it,Director,01/15/2020,B,name@company.org, ,director
 alice ,35.0,50000.0,Other,finance,Assistant,01/01/2000,A,noemail.example.com,000-000-0000,assistant
 ivy ,35.0,70000.0,F,marketing,Clerk,01/15/2020,F,noemail.example.com, ,clerk
 hannah ,35.0,70000.0,Other,finance,Director,01/01/2000,F,noemail.example.com, ,director
 frank ,40.0,55000.0,M,marketing,Analyst,01/01/2000,A,noemail.example.com,000-000-0000,analyst
 grace ,40.0,65000.0,F,sales,Director,01/01/2000,B,email@example.com,098-765-4321,director
 charlie ,25.0,55000.0,Other,it,Manager,01/01/2000,F,email@example.com, ,manager
 alice ,35.0,65000.0,M,hr,Analyst,01/01/2000,C,user@domain.com,123-456-7890,analyst
 eve ,35.0,50000.0,M,marketing,Manager,01/01/2000,A,noemail.example.com, ,manager
 bob ,40.0,65000.0,Other,marketing,Analyst,01/01/2000,D,user@domain.com,123-456-7890,analyst
 eve ,35.0,50000.0,Other,finance,Director,01/01/2000,B,name@company.org,000-000-0000,director
 hannah ,35.0,50000.0,Other,sales,Assistant,01/01/2000,A,email@example.com, ,assistant
 ivy ,35.0,55000.0,M,finance,Clerk,01/01/2000,F,name@company.org,000-000-0000,clerk
 bob ,50.0,65000.0,Other,finance,Manager,05/04/2018,B,noemail.example.com,000-000-0000,manager
 charlie ,50.0,65000.0,M,sales,Director,01/01/2000,C,email@example.com,098-765-4321,director
 charlie ,35.0,65000.0,Other,hr,Assistant,01/01/2000,B,name@company.org, ,assistant
 alice ,40.0,55000.0,M,finance,Director,05/04/2018,B,noemail.example.com,123-456-7890,director
 hannah ,35.0,50000.0,M,finance,Manager,05/04/2018,C,name@company.org,123-456-7890,manager
 frank ,35.0,55000.0,F,marketing,Clerk,01/01/2000,C,noemail.example.com, ,clerk
 hannah ,50.0,70000.0,Other,sales,Director,01/01/2000,B,noemail.example.com,098-765-4321,director
 ivy ,25.0,70000.0,Other,it,Analyst,01/01/2000,C,email@example.com,098-765-4321,analyst
 eve ,25.0,55000.0,M,hr,Assistant,05/04/2018,A,user@domain.com,098-765-4321,assistant
 charlie ,40.0,65000.0,M,hr,Director,01/01/2000,C,noemail.example.com,123-456-7890,director
 eve ,35.0,50000.0,M,sales,Assistant,01/01/2000,C,noemail.example.com,000-000-0000,assistant
 eve ,35.0,55000.0,F,marketing,Analyst,01/01/2000,B,email@example.com,098-765-4321,analyst
 eve ,35.0,55000.0,F,marketing,Clerk,01/01/2000,A,user@domain.com,123-456-7890,clerk
 charlie ,25.0,55000.0,M,sales,Clerk,05/04/2018,D,noemail.example.com,123-456-7890,clerk
 jack ,25.0,65000.0,Other,marketing,Analyst,05/04/2018,D,noemail.example.com,000-000-0000,analyst
 david ,50.0,70000.0,Other,hr,Assistant,01/15/2020,F,user@domain.com, ,assistant
 ivy ,35.0,65000.0,F,hr,Director,01/01/2000,C,name@company.org, ,director
 jack ,35.0,65000.0,F,it,Analyst,01/01/2000,C,email@example.com,098-765-4321,analyst
 ivy ,25.0,65000.0,M,sales,Manager,01/01/2000,A,user@domain.com,098-765-4321,manager
 bob ,35.0,65000.0,Other,finance,Assistant,01/01/2000,D,noemail.example.com,000-000-0000,assistant
 hannah ,40.0,65000.0,M,finance,Clerk,01/01/2000,F,noemail.example.com,098-765-4321,clerk
 hannah ,40.0,55000.0,F,it,Analyst,05/04/2018,A,noemail.example.com,000-000-0000,analyst
 grace ,35.0,65000.0,Other,it,Clerk,01/01/2000,C,noemail.example.com,123-456-7890,clerk
 hannah ,40.0,65000.0,Other,marketing,Assistant,01/15/2020,D,email@example.com,098-765-4321,assistant
 charlie ,25.0,50000.0,F,it,Clerk,01/01/2000,F,noemail.example.com,123-456-7890,clerk
 frank ,25.0,70000.0,M,it,Analyst,01/01/2000,B,user@domain.com,555-555-5555,analyst
 alice ,35.0,65000.0,M,finance,Assistant,01/01/2000,D,noemail.example.com,000-000-0000,assistant
 grace ,35.0,55000.0,Other,marketing,Manager,05/04/2018,F,name@company.org,555-555-5555,manager
 alice ,50.0,65000.0,F,it,Analyst,01/01/2000,A,user@domain.com,098-765-4321,analyst
 ivy ,35.0,65000.0,Other,it,Director,05/04/2018,B,email@example.com,123-456-7890,director
 alice ,35.0,65000.0,F,marketing,Analyst,01/01/2000,F,user@domain.com,098-765-4321,analyst
 alice ,40.0,65000.0,M,sales,Assistant,01/15/2020,F,name@company.org,555-555-5555,assistant
 grace ,35.0,70000.0,F,marketing,Analyst,05/04/2018,C,email@example.com,098-765-4321,analyst
 bob ,35.0,65000.0,M,finance,Manager,01/01/2000,D,noemail.example.com, ,manager
 eve ,50.0,65000.0,F,sales,Manager,05/04/2018,C,name@company.org,555-555-5555,manager
 hannah ,35.0,65000.0,Other,hr,Director,01/01/2000,B,email@example.com,098-765-4321,director
 hannah ,25.0,65000.0,M,marketing,Clerk,01/01/2000,F,noemail.example.com,123-456-7890,clerk
 charlie ,40.0,65000.0,Other,finance,Assistant,01/01/2000,C,user@domain.com,098-765-4321,assistant
 grace ,35.0,70000.0,Other,sales,Assistant,01/01/2000,D,email@example.com,123-456-7890,assistant
 charlie ,35.0,50000.0,M,marketing,Clerk,01/01/2000,B,user@domain.com, ,clerk
 frank ,40.0,55000.0,M,it,Manager,01/01/2000,A,noemail.example.com,098-765-4321,manager
 frank ,25.0,65000.0,Other,marketing,Manager,01/01/2000,C,email@example.com, ,manager
 charlie ,35.0,55000.0,Other,hr,Analyst,01/15/2020,B,noemail.example.com,555-555-5555,analyst
 grace ,50.0,50000.0,Other,marketing,Director,01/01/2000,A,name@company.org,123-456-7890,director
 charlie ,40.0,55000.0,Other,sales,Director,01/01/2000,C,email@example.com,555-555-5555,director
 hannah ,40.0,50000.0,M,sales,Director,01/01/2000,B,noemail.example.com,123-456-7890,director
 jack ,35.0,65000.0,M,marketing,Analyst,01/01/2000,B,email@example.com, ,analyst
 david ,40.0,65000.0,Other,sales,Director,05/04/2018,C,user@domain.com,000-000-0000,director
 alice ,25.0,65000.0,F,it,Clerk,01/01/2000,B,email@example.com,098-765-4321,clerk
 david ,25.0,50000.0,F,marketing,Analyst,01/01/2000,F,noemail.example.com, ,analyst
 grace ,35.0,55000.0,M,it,Clerk,01/15/2020,C,email@example.com,123-456-7890,clerk
 david ,50.0,65000.0,Other,it,Analyst,05/04/2018,B,name@company.org,123-456-7890,analyst
 frank ,35.0,65000.0,Other,finance,Director,05/04/2018,A,email@example.com,123-456-7890,director
 ivy ,35.0,65000.0,M,marketing,Clerk,01/01/2000,A,user@domain.com,123-456-7890,clerk
 alice ,35.0,65000.0,F,sales,Clerk,01/01/2000,F,email@example.com,098-765-4321,clerk
 eve ,40.0,50000.0,F,it,Clerk,01/15/2020,C,noemail.example.com,555-555-5555,clerk
 grace ,35.0,65000.0,F,finance,Analyst,05/04/2018,B,noemail.example.com,000-000-0000,analyst
 alice ,35.0,55000.0,M,marketing,Assistant,01/15/2020,B,email@example.com,098-765-4321,assistant
 david ,35.0,65000.0,F,marketing,Director,05/04/2018,A,email@example.com,123-456-7890,director
 frank ,50.0,65000.0,M,hr,Clerk,01/01/2000,F,name@company.org,098-765-4321,clerk
 bob ,35.0,70000.0,M,hr,Assistant,05/04/2018,A,noemail.example.com, ,assistant
 jack ,25.0,65000.0,Other,it,Director,05/04/2018,A,noemail.example.com,123-456-7890,director
 eve ,35.0,65000.0,F,hr,Director,01/01/2000,F,user@domain.com,000-000-0000,director
 jack ,40.0,65000.0,M,it,Clerk,01/01/2000,C,email@example.com,123-456-7890,clerk
 alice ,25.0,55000.0,F,sales,Clerk,01/01/2000,B,noemail.example.com,000-000-0000,clerk
 frank ,35.0,65000.0,F,it,Analyst,01/01/2000,C,user@domain.com,000-000-0000,analyst
 frank ,35.0,65000.0,Other,hr,Assistant,01/01/2000,D,noemail.example.com,555-555-5555,assistant
 david ,35.0,50000.0,F,sales,Assistant,01/01/2000,D,noemail.example.com,555-555-5555,assistant
 hannah ,50.0,65000.0,Other,hr,Clerk,01/01/2000,D,noemail.example.com,098-765-4321,clerk
 david ,35.0,70000.0,M,it,Director,01/01/2000,F,user@domain.com,098-765-4321,director
 hannah ,50.0,70000.0,F,finance,Clerk,01/01/2000,A,noemail.example.com,000-000-0000,clerk
 hannah ,40.0,50000.0,M,marketing,Director,01/01/2000,C,noemail.example.com,123-456-7890,director
 eve ,35.0,65000.0,F,hr,Director,05/04/2018,B,noemail.example.com, ,director
 david ,35.0,55000.0,M,it,Clerk,01/01/2000,D,noemail.example.com, ,clerk
 bob ,35.0,55000.0,F,sales,Manager,01/15/2020,C,noemail.example.com,123-456-7890,manager
 charlie ,35.0,65000.0,F,hr,Assistant,01/15/2020,D,name@company.org,123-456-7890,assistant
 charlie ,35.0,65000.0,F,hr,Director,01/01/2000,D,user@domain.com,555-555-5555,director
 david ,40.0,65000.0,F,marketing,Director,01/01/2000,B,noemail.example.com, ,director
 david ,25.0,65000.0,F,it,Manager,01/01/2000,F,noemail.example.com,000-000-0000,manager
 jack ,40.0,55000.0,F,finance,Analyst,01/01/2000,A,user@domain.com,098-765-4321,analyst
 eve ,50.0,65000.0,F,sales,Manager,01/15/2020,F,user@domain.com,555-555-5555,manager
 david ,40.0,70000.0,F,it,Manager,01/01/2000,C,user@domain.com, ,manager
 jack ,50.0,65000.0,F,sales,Director,01/01/2000,F,user@domain.com,123-456-7890,director
 hannah ,35.0,65000.0,M,hr,Assistant,01/01/2000,C,email@example.com, ,assistant
 frank ,25.0,55000.0,Other,marketing,Manager,01/01/2000,C,noemail.example.com,000-000-0000,manager
 frank ,35.0,65000.0,F,marketing,Analyst,01/01/2000,A,email@example.com,555-555-5555,analyst
 hannah ,35.0,65000.0,Other,finance,Clerk,05/04/2018,B,noemail.example.com,123-456-7890,clerk
 grace ,35.0,50000.0,F,marketing,Manager,05/04/2018,A,noemail.example.com,000-000-0000,manager
 jack ,50.0,65000.0,F,hr,Manager,01/01/2000,F,noemail.example.com,098-765-4321,manager
 jack ,35.0,50000.0,M,finance,Analyst,05/04/2018,C,noemail.example.com,555-555-5555,analyst
 hannah ,35.0,70000.0,M,it,Assistant,01/15/2020,D,user@domain.com,000-000-0000,assistant
 bob ,25.0,65000.0,Other,marketing,Manager,05/04/2018,D,email@example.com,000-000-0000,manager
 ivy ,35.0,65000.0,M,finance,Manager,01/01/2000,C,user@domain.com,123-456-7890,manager
